prova_id,revisao,numero,conteudo_id,materia_anterior,assunto_anterior,materia,assunto
33611af7-9fe4-426a-a055-8084a29e62be,1,14,3bff6d18-9e56-4130-8b0a-0d90f9b46057,Administração Pública (Noções de Direito Constitucional e Direito Administrativo),,Direito Constitucional,Direitos políticos e elegibilidade
33611af7-9fe4-426a-a055-8084a29e62be,1,15,c581c3c2-d12d-4216-a5e6-889b51b7de5e,Administração Pública (Noções de Direito Constitucional e Direito Administrativo),,Direito Administrativo,Improbidade administrativa
33611af7-9fe4-426a-a055-8084a29e62be,1,16,8a2ae6f5-5d68-41d1-953f-b87749d375c0,Administração Pública (Noções de Direito Constitucional e Direito Administrativo),,Direito Constitucional,Organização do Estado e competências constitucionais
33611af7-9fe4-426a-a055-8084a29e62be,1,17,c9cf399d-17d1-4b80-8598-62ede75e9bc4,Administração Pública (Noções de Direito Constitucional e Direito Administrativo),,Direito Constitucional,Direitos e garantias fundamentais
33611af7-9fe4-426a-a055-8084a29e62be,1,18,f4418c73-69c7-4a6b-a286-59c9e4ae309b,Administração Pública (Noções de Direito Constitucional e Direito Administrativo),,Direito Administrativo,Abuso de autoridade
33611af7-9fe4-426a-a055-8084a29e62be,1,19,bafe3149-1fc3-4d07-b644-ac19bbd2896c,Administração Pública (Noções de Direito Constitucional e Direito Administrativo),,Direito Constitucional,Direitos sociais
33611af7-9fe4-426a-a055-8084a29e62be,1,20,d372f737-4efe-484d-b1ee-62bc987d2aa4,Administração Pública (Noções de Direito Constitucional e Direito Administrativo),,Administração Pública,Transparência e acesso à informação
33611af7-9fe4-426a-a055-8084a29e62be,1,21,fdaf353a-09c6-43f8-9fcd-38770faa55ce,Administração Pública (Noções de Direito Constitucional e Direito Administrativo),,Administração Pública,Direitos dos usuários dos serviços públicos
33611af7-9fe4-426a-a055-8084a29e62be,1,22,811ea859-9b8b-466f-939b-705d7f33259d,Administração Pública (Noções de Direito Constitucional e Direito Administrativo),,Direito Constitucional,Organização do Estado e competências constitucionais
33611af7-9fe4-426a-a055-8084a29e62be,1,42,eee57f5b-6de6-42fa-82b8-332889f7f3e1,Banco de Dados,,Banco de Dados,Segurança e governança de dados
33611af7-9fe4-426a-a055-8084a29e62be,1,43,0a42656c-72da-48df-bff1-70db16b40edc,Banco de Dados,,Banco de Dados,Segurança e governança de dados
33611af7-9fe4-426a-a055-8084a29e62be,1,45,17f64897-1443-4c50-a046-2529b78a35b5,Banco de Dados,,Banco de Dados,NoSQL
33611af7-9fe4-426a-a055-8084a29e62be,1,47,6a6dcf08-9479-4384-8d9d-fcaece56af00,Banco de Dados,,Banco de Dados,NoSQL
72292071-41ba-4de4-900a-a5aa4222f1f3,1,35,e7fd8185-54c4-4a5b-b003-01436d30220e,Banco de Dados,,Banco de Dados,Mapeamento objeto-relacional (JPA e Hibernate)
72292071-41ba-4de4-900a-a5aa4222f1f3,1,51,d9b4ef65-b49a-479a-9ffb-11ce69e037b1,Banco de Dados,,Banco de Dados,"SQL, álgebra relacional e transações"
72292071-41ba-4de4-900a-a5aa4222f1f3,1,52,9d1edea6-4c31-4687-a60e-cf7d910d0359,Banco de Dados,,Banco de Dados,"SQL, álgebra relacional e transações"
72292071-41ba-4de4-900a-a5aa4222f1f3,1,53,aebad212-694b-4226-9e22-73aad71c5853,Banco de Dados,,Banco de Dados,"Elasticsearch, Logstash e Kibana"
72292071-41ba-4de4-900a-a5aa4222f1f3,1,54,93527883-3dd1-42cc-a6e5-0fc4468b0f37,Banco de Dados,,Banco de Dados,Modelagem de dados e normalização
8df3786f-6f6a-4b1f-8aff-fb0565e8d755,1,22,b05a4153-0677-43c8-9045-17038cfc0b67,Banco de Dados,,Inteligência Artificial e Ciência de Dados,Big Data e processamento distribuído
8df3786f-6f6a-4b1f-8aff-fb0565e8d755,1,29,6c39e0ef-9a2d-49cc-a238-1d0edfa80fd0,Banco de Dados,,Banco de Dados,"Elasticsearch, Logstash e Kibana"
8df3786f-6f6a-4b1f-8aff-fb0565e8d755,1,39,04743084-c2de-428a-a106-5f0568379fa9,Banco de Dados,,Banco de Dados,Mapeamento objeto-relacional (JPA e Hibernate)
8dfb3965-ffff-4826-9f95-5231421d957a,1,31,108a77ff-987e-414b-8ac2-b9288e57d4c5,Banco de Dados,,Banco de Dados,"SQL, álgebra relacional e transações"
8dfb3965-ffff-4826-9f95-5231421d957a,1,32,ac8fb798-d0b7-49de-a085-469b10ba8bf8,Banco de Dados,,Banco de Dados,"SQL, álgebra relacional e transações"
8dfb3965-ffff-4826-9f95-5231421d957a,1,33,b0de8534-871b-48b3-9a71-871efcbad9e0,Banco de Dados,,Banco de Dados,Modelagem de dados e normalização
8dfb3965-ffff-4826-9f95-5231421d957a,1,34,199d9fd8-3f60-415b-bc5e-97eadd09741d,Banco de Dados,,Banco de Dados,Modelagem de dados e normalização
8dfb3965-ffff-4826-9f95-5231421d957a,1,37,a81e2c18-2ff6-4266-a517-fba53a6a762a,Banco de Dados,,Banco de Dados,"SQL, álgebra relacional e transações"
8dfb3965-ffff-4826-9f95-5231421d957a,1,38,1f20d48d-70f3-40da-85b7-47e5c6ac1c3d,Banco de Dados,,Banco de Dados,"SQL, álgebra relacional e transações"
9f665c06-bb3f-4834-93e7-154468be1ff0,1,80,d63e72d8-6fbe-40d7-af40-54cb92464160,Banco de Dados,,Banco de Dados,Segurança e governança de dados
ae5a89fb-0703-44aa-9502-bfecdd3f0f41,2,48,c0e78f67-ff96-4688-8de5-eff3daa280f7,Banco de Dados,,Inteligência Artificial e Ciência de Dados,Big Data e processamento distribuído
ae5a89fb-0703-44aa-9502-bfecdd3f0f41,2,50,626ff439-84df-4d79-a761-0e503223e6b6,Banco de Dados,,Banco de Dados,"Elasticsearch, Logstash e Kibana"
b367655f-b76f-4568-b537-9aebd09723b3,1,35,1487ed44-382f-436f-bca4-ce02238d8e2e,Banco de Dados,,Banco de Dados,Índices e otimização de consultas
b367655f-b76f-4568-b537-9aebd09723b3,1,38,e2ea5dc1-78db-415e-a81f-aac8589c19fe,Banco de Dados,,Banco de Dados,"Replicação, backup e alta disponibilidade"
b367655f-b76f-4568-b537-9aebd09723b3,1,39,24a66094-f7a0-448a-b5b8-ae8a61dde69a,Banco de Dados,,Inteligência Artificial e Ciência de Dados,Estatística e análise de dados
b367655f-b76f-4568-b537-9aebd09723b3,1,40,3c3bc988-bb80-4302-8e24-3fa815bace01,Banco de Dados,,Banco de Dados,"Replicação, backup e alta disponibilidade"
b367655f-b76f-4568-b537-9aebd09723b3,1,41,e207d6ea-4ebb-4d10-bff2-e77051535566,Banco de Dados,,Banco de Dados,Administração de SGBDs
b367655f-b76f-4568-b537-9aebd09723b3,1,42,86222fef-7934-4cae-b3ff-19ea755939e9,Banco de Dados,,Banco de Dados,Segurança e governança de dados
b367655f-b76f-4568-b537-9aebd09723b3,1,44,4f79b338-7dcc-45ac-9bfc-153e2fbf57ab,Banco de Dados,,Banco de Dados,"Data Warehouse, Lakehouse e modelagem dimensional"
b367655f-b76f-4568-b537-9aebd09723b3,1,45,02ea8f19-5ef5-4d07-8963-f53fcb501bab,Banco de Dados,,Inteligência Artificial e Ciência de Dados,IA e automação de processos
b367655f-b76f-4568-b537-9aebd09723b3,1,51,83af3425-0f81-4aa7-beca-01dfda975026,Banco de Dados,,Banco de Dados,Administração de SGBDs
b367655f-b76f-4568-b537-9aebd09723b3,1,52,b6be9f52-6efc-4e9f-99c9-1f7fa8aa79d7,Banco de Dados,,Banco de Dados,"SQL, álgebra relacional e transações"
b367655f-b76f-4568-b537-9aebd09723b3,1,53,b4dfc45e-8fda-4374-9912-d3caa54c1b0e,Banco de Dados,,Banco de Dados,Administração de SGBDs
b367655f-b76f-4568-b537-9aebd09723b3,1,54,284ef2a9-ffac-4c3d-90a0-0cb1b4d559d0,Banco de Dados,,Banco de Dados,"Procedures, triggers e views"
b367655f-b76f-4568-b537-9aebd09723b3,1,55,d54e2bfe-d9f6-4814-963d-24a303fd246d,Banco de Dados,,Banco de Dados,"SQL, álgebra relacional e transações"
b367655f-b76f-4568-b537-9aebd09723b3,1,56,ab1f263f-5b85-40a4-8725-a950d4bfbab5,Banco de Dados,,Banco de Dados,"Procedures, triggers e views"
b367655f-b76f-4568-b537-9aebd09723b3,1,57,ce0d5ae1-4561-43d6-90b4-4243455594d5,Banco de Dados,,Banco de Dados,"SQL, álgebra relacional e transações"
b367655f-b76f-4568-b537-9aebd09723b3,1,58,54e347bd-d1aa-4d9b-ac6a-ac9f9c4be70f,Banco de Dados,,Banco de Dados,"SQL, álgebra relacional e transações"
b367655f-b76f-4568-b537-9aebd09723b3,1,59,81e66043-0d16-4e3e-ae4f-0e37a4142b2d,Banco de Dados,,Banco de Dados,Índices e otimização de consultas
b367655f-b76f-4568-b537-9aebd09723b3,1,60,a7c77bd9-bfc7-44bb-bc5a-41581c015738,Banco de Dados,,Banco de Dados,"SQL, álgebra relacional e transações"
b367655f-b76f-4568-b537-9aebd09723b3,1,61,f54aeb54-2db0-4835-9c73-ea6afded8f41,Banco de Dados,,Banco de Dados,Integração de dados (ETL e ELT)
b367655f-b76f-4568-b537-9aebd09723b3,1,62,3f18f3c4-bf71-49c0-8a43-f5daec5a3b2f,Banco de Dados,,Banco de Dados,Índices e otimização de consultas
b367655f-b76f-4568-b537-9aebd09723b3,1,63,81bbda65-b3e8-4d41-a371-744072e3d8d1,Banco de Dados,,Banco de Dados,"Replicação, backup e alta disponibilidade"
b367655f-b76f-4568-b537-9aebd09723b3,1,65,19a2a4a4-77b4-4167-86ce-d0d8384044e4,Banco de Dados,,Banco de Dados,"Replicação, backup e alta disponibilidade"
b367655f-b76f-4568-b537-9aebd09723b3,1,68,b8e235aa-10df-4b50-97b5-29d3c5363de7,Banco de Dados,,Banco de Dados,Índices e otimização de consultas
b367655f-b76f-4568-b537-9aebd09723b3,1,70,8e29e76a-3220-4f4a-b47d-04aa4e9539f5,Banco de Dados,,Banco de Dados,Índices e otimização de consultas
c2ea228f-385b-4bb1-a1ea-4f7f31b18063,1,51,4a6c8862-8f62-48e3-ab77-8d25375fea11,Banco de Dados,,Banco de Dados,Modelagem de dados e normalização
c2ea228f-385b-4bb1-a1ea-4f7f31b18063,1,52,39489872-badd-47c2-ae64-9b0f53a6e8af,Banco de Dados,,Banco de Dados,Modelagem de dados e normalização
c2ea228f-385b-4bb1-a1ea-4f7f31b18063,1,53,3d7d1292-57ff-4d15-99ae-6ceca28c66f7,Banco de Dados,,Banco de Dados,"Procedures, triggers e views"
c2ea228f-385b-4bb1-a1ea-4f7f31b18063,1,54,d36284db-fad2-4ef4-9f95-735a577ce03e,Banco de Dados,,Banco de Dados,Integração de dados (ETL e ELT)
c2ea228f-385b-4bb1-a1ea-4f7f31b18063,1,56,733650f9-828d-4415-846a-ea8388df0902,Banco de Dados,,Banco de Dados,Mapeamento objeto-relacional (JPA e Hibernate)
cfb1ca6d-740c-48dc-a373-b8119e3eaada,1,36,3e50564b-3016-4943-9281-ce1878f8e774,Banco de Dados,,Banco de Dados,Índices e otimização de consultas
cfb1ca6d-740c-48dc-a373-b8119e3eaada,1,37,26ae075a-0434-4b81-90f3-feac8c208ce2,Banco de Dados,,Banco de Dados,Bancos de dados em nuvem
cfb1ca6d-740c-48dc-a373-b8119e3eaada,1,38,8c2a0a02-460e-4ec1-a1f4-b9b5d0c7c356,Banco de Dados,,Banco de Dados,Índices e otimização de consultas
cfb1ca6d-740c-48dc-a373-b8119e3eaada,1,39,c4f4e436-6cd8-4609-9c7a-e8dccc685a8c,Banco de Dados,,Banco de Dados,Índices e otimização de consultas
cfb1ca6d-740c-48dc-a373-b8119e3eaada,1,40,e577840c-46dd-4073-838b-ca1295f34f77,Banco de Dados,,Banco de Dados,Índices e otimização de consultas
cfb1ca6d-740c-48dc-a373-b8119e3eaada,1,41,9213a588-3e70-4cdf-9dc0-a95e3b3974f3,Banco de Dados,,Banco de Dados,"Replicação, backup e alta disponibilidade"
cfb1ca6d-740c-48dc-a373-b8119e3eaada,1,42,3deae47a-069d-417d-888f-871138e12861,Banco de Dados,,Banco de Dados,"Data Warehouse, Lakehouse e modelagem dimensional"
cfb1ca6d-740c-48dc-a373-b8119e3eaada,1,43,02021b6f-3cbd-460a-90f2-e9ef450520c5,Banco de Dados,,Banco de Dados,Integração de dados (ETL e ELT)
cfb1ca6d-740c-48dc-a373-b8119e3eaada,1,44,5976d8f9-78d7-4a64-9e15-bc83ed47681d,Banco de Dados,,Banco de Dados,"Data Warehouse, Lakehouse e modelagem dimensional"
d3502a6e-696d-4269-9dfe-fba4a4b74124,3,21,d29614c2-8c4d-43de-aa9b-701be731cc5d,Banco de Dados,,Banco de Dados,Índices e otimização de consultas
d3502a6e-696d-4269-9dfe-fba4a4b74124,3,22,682614e5-07f2-464d-960e-06d73777d861,Banco de Dados,,Banco de Dados,Índices e otimização de consultas
d3502a6e-696d-4269-9dfe-fba4a4b74124,3,23,c3ea7656-390c-4762-9e08-959a5937a6cc,Banco de Dados,,Banco de Dados,Índices e otimização de consultas
d3f75cb5-4951-479c-ada2-acfa0d6651cd,1,49,33e64201-5aa7-45fd-be55-8249df640d86,Banco de Dados,,Banco de Dados,Modelagem de dados e normalização
d3f75cb5-4951-479c-ada2-acfa0d6651cd,1,51,b4777eb1-55eb-4f8a-a575-7f302ec6931b,Banco de Dados,,Banco de Dados,Modelagem de dados e normalização
d3f75cb5-4951-479c-ada2-acfa0d6651cd,1,52,95a3425c-7536-4ef5-9e57-d915e724f1d7,Banco de Dados,,Banco de Dados,"SQL, álgebra relacional e transações"
d3f75cb5-4951-479c-ada2-acfa0d6651cd,1,53,9f120c9e-356f-40d6-aa7c-c7e35602d5ed,Banco de Dados,,Banco de Dados,"SQL, álgebra relacional e transações"
f831d9bf-3ea6-4c22-9cdf-1374e6d53904,1,40,18297501-b9a8-4200-a519-817fe2f26a29,Banco de Dados,,Desenvolvimento de Sistemas,Java
f831d9bf-3ea6-4c22-9cdf-1374e6d53904,1,56,97d44854-30d8-45b2-a55a-fb2309133bda,Banco de Dados,,Banco de Dados,Índices e otimização de consultas
f831d9bf-3ea6-4c22-9cdf-1374e6d53904,1,57,3513c48a-c834-4a2d-a6fd-078e4f21aeaa,Banco de Dados,,Banco de Dados,Processamento de dados em tempo real
f831d9bf-3ea6-4c22-9cdf-1374e6d53904,1,60,1eea8e72-217b-4234-aa79-0cccac67d334,Banco de Dados,,Banco de Dados,Modelagem de dados e normalização
33611af7-9fe4-426a-a055-8084a29e62be,1,51,31ee38d9-b5fe-4051-a667-490585bfed95,Computação em Nuvem,,DevOps e Engenharia de Entrega,Docker e Kubernetes
33611af7-9fe4-426a-a055-8084a29e62be,1,53,37ac172d-8fc3-4315-92a7-fee654f74d7f,Computação em Nuvem,,DevOps e Engenharia de Entrega,CI/CD e pipelines
33611af7-9fe4-426a-a055-8084a29e62be,1,57,4dd2cdde-4d3a-4fd4-a3de-c5de607d3a0e,Computação em Nuvem,,DevOps e Engenharia de Entrega,CI/CD e pipelines
72292071-41ba-4de4-900a-a5aa4222f1f3,1,32,4eac64ef-74d3-407a-ab02-298f23fd8617,Computação em Nuvem,,DevOps e Engenharia de Entrega,CI/CD e pipelines
72292071-41ba-4de4-900a-a5aa4222f1f3,1,60,2487d7bb-cd68-48ff-b537-71f7081fe90d,Computação em Nuvem,,Computação em Nuvem,Modelos de serviço e implantação em nuvem
77b7e732-852e-4cf7-8f51-09d6df78c4bd,1,34,074c59aa-077e-4d3d-9a88-cc6fe38bc9e8,Computação em Nuvem,,Computação em Nuvem,Modelos de serviço e implantação em nuvem
77b7e732-852e-4cf7-8f51-09d6df78c4bd,1,46,d4d1f0e5-d634-400e-9ada-53d6c8ee2a44,Computação em Nuvem,,Noções de Informática,Permissões e compartilhamento de arquivos em nuvem
8df3786f-6f6a-4b1f-8aff-fb0565e8d755,1,57,feb70664-0aa7-4701-9124-8ea2a61a036e,Computação em Nuvem,,Computação em Nuvem,Modelos de serviço e implantação em nuvem
8dfb3965-ffff-4826-9f95-5231421d957a,1,58,b8a7c2cf-6579-4d01-8db8-3e20d4546963,Computação em Nuvem,,Computação em Nuvem,Serverless e integração entre nuvens
9f665c06-bb3f-4834-93e7-154468be1ff0,1,61,5170bf6a-e654-44c0-85b3-5b817e4bad9e,Computação em Nuvem,,Computação em Nuvem,Segurança e responsabilidade compartilhada em nuvem
9f665c06-bb3f-4834-93e7-154468be1ff0,1,69,a6593be9-b201-48e6-b66a-a4780afaa0e2,Computação em Nuvem,,Computação em Nuvem,Segurança e responsabilidade compartilhada em nuvem
ae5a89fb-0703-44aa-9502-bfecdd3f0f41,2,40,729db4c5-b77a-41db-91de-5e4be7b5ad98,Computação em Nuvem,,Computação em Nuvem,Modelos de serviço e implantação em nuvem
ae5a89fb-0703-44aa-9502-bfecdd3f0f41,2,41,ee5b6345-5ca6-49e7-9164-34337d25722b,Computação em Nuvem,,Computação em Nuvem,Arquitetura de computação em nuvem
b367655f-b76f-4568-b537-9aebd09723b3,1,31,d0d6e7c8-f616-4c37-8f6a-5666d35d4098,Computação em Nuvem,,Computação em Nuvem,Modelos de serviço e implantação em nuvem
b367655f-b76f-4568-b537-9aebd09723b3,1,36,169d4323-7265-4cba-9fd5-23a6756f2a4c,Computação em Nuvem,,Computação em Nuvem,Modelos de serviço e implantação em nuvem
b367655f-b76f-4568-b537-9aebd09723b3,1,37,11776ca8-6964-482a-ba99-c05807e9bebe,Computação em Nuvem,,Computação em Nuvem,Segurança e responsabilidade compartilhada em nuvem
cfb1ca6d-740c-48dc-a373-b8119e3eaada,1,34,40499bac-c1de-409f-91af-305407f918ea,Computação em Nuvem,,Computação em Nuvem,Modelos de serviço e implantação em nuvem
cfb1ca6d-740c-48dc-a373-b8119e3eaada,1,35,1152ecf1-0edc-4313-bf8e-ad70981386c3,Computação em Nuvem,,Computação em Nuvem,Modelos de serviço e implantação em nuvem
cfb1ca6d-740c-48dc-a373-b8119e3eaada,1,68,6f7ec991-cf2c-4843-8068-8f77dd8a2152,Computação em Nuvem,,Computação em Nuvem,Microsoft SharePoint Online
d3502a6e-696d-4269-9dfe-fba4a4b74124,3,41,1684986c-3634-4c78-a4a5-d03df90ad175,Computação em Nuvem,,Computação em Nuvem,Modelos de serviço e implantação em nuvem
d3502a6e-696d-4269-9dfe-fba4a4b74124,3,47,942cb42f-d4a1-424b-9ffa-1cb05a1e08b3,Computação em Nuvem,,Computação em Nuvem,Modelos de serviço e implantação em nuvem
f831d9bf-3ea6-4c22-9cdf-1374e6d53904,1,48,db8271bd-cf73-4066-ae3a-375c8c13b31d,Computação em Nuvem,,Computação em Nuvem,Virtualização e alta disponibilidade
72292071-41ba-4de4-900a-a5aa4222f1f3,1,19,73579e7c-d5c1-4976-82a1-84e9c9a7cea3,Código de Ética dos Servidores do Tribunal Regional do Trabalho da 2ª Região,,Legislação Institucional,Código de ética de tribunais
72292071-41ba-4de4-900a-a5aa4222f1f3,1,20,e49c61cc-99f6-4717-b6dd-9004fd66e3c4,Código de Ética dos Servidores do Tribunal Regional do Trabalho da 2ª Região,,Legislação Institucional,Código de ética de tribunais
ae5a89fb-0703-44aa-9502-bfecdd3f0f41,2,19,698c4bc4-5658-499e-8e28-02e0ae907855,Código de Ética e Regimento Interno do Tribunal Regional do Trabalho da 15ª Região,,Legislação Institucional,Código de ética de tribunais
ae5a89fb-0703-44aa-9502-bfecdd3f0f41,2,20,7d50e69c-97af-4401-bb5a-7c48e9818fdd,Código de Ética e Regimento Interno do Tribunal Regional do Trabalho da 15ª Região,,Legislação Institucional,Regimento interno e organização de tribunais
d3502a6e-696d-4269-9dfe-fba4a4b74124,3,19,19d1afd7-365b-498b-8cb9-1163a290f870,Código de Ética e Regimento Interno do Tribunal Regional do Trabalho da 15ª Região,,Legislação Institucional,Código de ética de tribunais
d3502a6e-696d-4269-9dfe-fba4a4b74124,3,20,de2e29c4-9f9f-4d68-9c9f-7792ac98d3c4,Código de Ética e Regimento Interno do Tribunal Regional do Trabalho da 15ª Região,,Legislação Institucional,Regimento interno e organização de tribunais
8dfb3965-ffff-4826-9f95-5231421d957a,1,48,62dc4f1d-74ee-4e48-b15c-51f5efee6746,Desenvolvimento Web,,Desenvolvimento de Sistemas,"HTML5, CSS3 e TypeScript"
8dfb3965-ffff-4826-9f95-5231421d957a,1,49,e4a7eec0-4ab1-4e2e-83f1-2c93391183a6,Desenvolvimento Web,,Desenvolvimento de Sistemas,Angular
8dfb3965-ffff-4826-9f95-5231421d957a,1,51,959a999e-103f-4e53-b1d0-9a4bb45569b8,Desenvolvimento Web,,Desenvolvimento de Sistemas,C# e programação assíncrona
8dfb3965-ffff-4826-9f95-5231421d957a,1,52,fbfc2cc0-204b-4f6a-be20-97c0ca629f12,Desenvolvimento Web,,Desenvolvimento de Sistemas,"HTML5, CSS3 e TypeScript"
8dfb3965-ffff-4826-9f95-5231421d957a,1,53,723d8485-a923-4b87-9d7b-0f36c6910b8a,Desenvolvimento Web,,Desenvolvimento de Sistemas,JavaScript e Node.js
8dfb3965-ffff-4826-9f95-5231421d957a,1,54,178fcfd5-4152-4156-9a68-e604138bb92f,Desenvolvimento Web,,Desenvolvimento de Sistemas,JavaScript e Node.js
8dfb3965-ffff-4826-9f95-5231421d957a,1,65,9359d8f5-5043-4382-abd2-5a272cecf513,Desenvolvimento Web,,Desenvolvimento de Sistemas,Acessibilidade digital (WCAG e e-MAG)
8dfb3965-ffff-4826-9f95-5231421d957a,1,68,ea548db0-db95-4e9d-8679-6ae156c14a05,Desenvolvimento Web,,Desenvolvimento de Sistemas,Acessibilidade digital (WCAG e e-MAG)
33611af7-9fe4-426a-a055-8084a29e62be,1,58,d9c42e71-fc77-4691-a8ea-73300fbbfabb,Desenvolvimento de Software,,Engenharia de Software,Arquitetura de software
33611af7-9fe4-426a-a055-8084a29e62be,1,60,5e49a98e-f456-4950-931e-baae08ab7395,Desenvolvimento de Software,,Desenvolvimento de Sistemas,Git e controle de versão
33611af7-9fe4-426a-a055-8084a29e62be,1,61,4548735b-e6f1-4179-8cba-2ecb0e4807a3,Desenvolvimento de Software,,Engenharia de Software,UML e BPMN
33611af7-9fe4-426a-a055-8084a29e62be,1,62,c4c41959-272a-4694-af31-ca2e05198b27,Desenvolvimento de Software,,Engenharia de Software,Arquitetura de software
33611af7-9fe4-426a-a055-8084a29e62be,1,63,9dcb7005-884a-4820-9c28-18aa23cd433b,Desenvolvimento de Software,,Engenharia de Software,Padrões de projeto
33611af7-9fe4-426a-a055-8084a29e62be,1,65,c6a0d644-1699-4923-9283-5f341fc0c619,Desenvolvimento de Software,,Engenharia de Software,Testes de software
33611af7-9fe4-426a-a055-8084a29e62be,1,70,8e9e10f7-43c7-4738-a8b8-af5e57c3a5a2,Desenvolvimento de Software,,Desenvolvimento de Sistemas,Java
33611af7-9fe4-426a-a055-8084a29e62be,1,71,dbeb284b-6e2b-42f3-bd2b-cca8043c919b,Desenvolvimento de Software,,Desenvolvimento de Sistemas,Orientação a objetos e programação funcional
33611af7-9fe4-426a-a055-8084a29e62be,1,72,660b23bd-94b3-45bd-8f4b-0e59dc37f8f2,Desenvolvimento de Software,,Desenvolvimento de Sistemas,Algoritmos e estruturas de dados
33611af7-9fe4-426a-a055-8084a29e62be,1,73,bf4b35ee-1a44-4b9f-8abb-d73c5d274bc7,Desenvolvimento de Software,,Desenvolvimento de Sistemas,Algoritmos e estruturas de dados
33611af7-9fe4-426a-a055-8084a29e62be,1,74,8bec94ed-0d61-4af6-bcfc-e8995dacfbd4,Desenvolvimento de Software,,Desenvolvimento de Sistemas,Java
33611af7-9fe4-426a-a055-8084a29e62be,1,75,24046b44-eb23-484d-aaac-acddd74dc7c5,Desenvolvimento de Software,,Desenvolvimento de Sistemas,APIs RESTful
33611af7-9fe4-426a-a055-8084a29e62be,1,76,ced68ad8-fbc2-4a59-a882-c61ce7290654,Desenvolvimento de Software,,Desenvolvimento de Sistemas,Python
33611af7-9fe4-426a-a055-8084a29e62be,1,77,361d57e4-0831-47da-b164-cfa90d134286,Desenvolvimento de Software,,Desenvolvimento de Sistemas,Desenvolvimento móvel (Android e Flutter)
33611af7-9fe4-426a-a055-8084a29e62be,1,78,a2b1dd3b-b327-4027-b7da-6c42d6d46aa6,Desenvolvimento de Software,,Desenvolvimento de Sistemas,Desenvolvimento móvel (Android e Flutter)
33611af7-9fe4-426a-a055-8084a29e62be,1,79,e6cd8eac-c9eb-4655-83dc-205c73b65112,Desenvolvimento de Software,,Desenvolvimento de Sistemas,Angular
33611af7-9fe4-426a-a055-8084a29e62be,1,80,6582f4c5-d56d-45d0-b097-38ded64099cf,Desenvolvimento de Software,,Desenvolvimento de Sistemas,"HTML5, CSS3 e TypeScript"
72292071-41ba-4de4-900a-a5aa4222f1f3,1,27,709671cb-f112-47c9-a2d8-4ba7a3c8209c,Desenvolvimento de Software,,Desenvolvimento de Sistemas,JWT
72292071-41ba-4de4-900a-a5aa4222f1f3,1,30,6a96133a-e78a-4402-a262-d9be00e8bb0d,Desenvolvimento de Software,,Desenvolvimento de Sistemas,Python
72292071-41ba-4de4-900a-a5aa4222f1f3,1,33,1f6f1a70-36de-4ce0-9229-162e02ed9c96,Desenvolvimento de Software,,Desenvolvimento de Sistemas,Java
72292071-41ba-4de4-900a-a5aa4222f1f3,1,34,a67cd4c1-ba19-4c78-a9a4-3ee44b07be19,Desenvolvimento de Software,,Desenvolvimento de Sistemas,Documentação de APIs (OpenAPI)
72292071-41ba-4de4-900a-a5aa4222f1f3,1,36,c27ac6ba-d331-4ff2-9ced-9c150b4fa1f1,Desenvolvimento de Software,,Desenvolvimento de Sistemas,Java
72292071-41ba-4de4-900a-a5aa4222f1f3,1,37,85e8f258-74ce-4792-a439-19a90c632b4b,Desenvolvimento de Software,,Desenvolvimento de Sistemas,JavaScript e Node.js
72292071-41ba-4de4-900a-a5aa4222f1f3,1,38,bfbb67f7-7ae0-491d-9592-e12f10f147bf,Desenvolvimento de Software,,Desenvolvimento de Sistemas,"HTML5, CSS3 e TypeScript"
72292071-41ba-4de4-900a-a5aa4222f1f3,1,39,dbbb097c-cd7b-4048-817e-692defb4450c,Desenvolvimento de Software,,Desenvolvimento de Sistemas,Python
72292071-41ba-4de4-900a-a5aa4222f1f3,1,40,13dc4224-4c2d-4c10-90a0-716acef98465,Desenvolvimento de Software,,Desenvolvimento de Sistemas,Angular
8df3786f-6f6a-4b1f-8aff-fb0565e8d755,1,24,2faa6e01-8bc7-4137-9b92-e31c69292710,Desenvolvimento de Software,,Desenvolvimento de Sistemas,Documentação de APIs (OpenAPI)
8df3786f-6f6a-4b1f-8aff-fb0565e8d755,1,32,59862168-a38c-4cc3-8d98-3e4636ad072a,Desenvolvimento de Software,,Engenharia de Software,Low-code e no-code
8df3786f-6f6a-4b1f-8aff-fb0565e8d755,1,33,27c530ae-c982-4799-a452-a79fd18e337a,Desenvolvimento de Software,,Desenvolvimento de Sistemas,Mensageria (RabbitMQ e Kafka)
8df3786f-6f6a-4b1f-8aff-fb0565e8d755,1,34,dd7b5f45-44a2-4827-8219-0f743992d5f7,Desenvolvimento de Software,,Desenvolvimento de Sistemas,Java
8df3786f-6f6a-4b1f-8aff-fb0565e8d755,1,35,4dbc6f4a-dd15-4017-b7bc-15b6d90a8463,Desenvolvimento de Software,,Desenvolvimento de Sistemas,Java
8df3786f-6f6a-4b1f-8aff-fb0565e8d755,1,38,e09dd276-b9bb-4c39-9899-f7647b723535,Desenvolvimento de Software,,Desenvolvimento de Sistemas,Java
8df3786f-6f6a-4b1f-8aff-fb0565e8d755,1,40,61634769-8b2b-4a2a-bc31-ad11dfb1b71e,Desenvolvimento de Software,,Desenvolvimento de Sistemas,Java
8df3786f-6f6a-4b1f-8aff-fb0565e8d755,1,41,dbc762da-5aea-42e5-94a5-cb6ae97874a4,Desenvolvimento de Software,,Desenvolvimento de Sistemas,"HTML5, CSS3 e TypeScript"
8df3786f-6f6a-4b1f-8aff-fb0565e8d755,1,42,43a24984-9c58-41f3-9b90-ab5f695bd8fb,Desenvolvimento de Software,,Desenvolvimento de Sistemas,"HTML5, CSS3 e TypeScript"
8df3786f-6f6a-4b1f-8aff-fb0565e8d755,1,43,5ea8949b-cf18-4f3a-bd9c-ecb1bce7fc3e,Desenvolvimento de Software,,Desenvolvimento de Sistemas,JavaScript e Node.js
8df3786f-6f6a-4b1f-8aff-fb0565e8d755,1,44,256386fb-20d0-4ee3-a5e6-a4b8407b1dfb,Desenvolvimento de Software,,Desenvolvimento de Sistemas,Angular
8df3786f-6f6a-4b1f-8aff-fb0565e8d755,1,45,4d6e14aa-8e78-4f66-b4f7-390087b00bf8,Desenvolvimento de Software,,Desenvolvimento de Sistemas,"HTML5, CSS3 e TypeScript"
8df3786f-6f6a-4b1f-8aff-fb0565e8d755,1,55,890814ab-b266-46d2-8b97-be8e36c718f6,Desenvolvimento de Software,,Engenharia de Software,UML e BPMN
8df3786f-6f6a-4b1f-8aff-fb0565e8d755,1,58,c85017d6-9167-4f81-81cf-b19f01fbf3db,Desenvolvimento de Software,,Engenharia de Software,Padrões de projeto
d3502a6e-696d-4269-9dfe-fba4a4b74124,3,24,8ae6a02a-266d-440b-9477-9a2b55161158,Desenvolvimento de Software,,Inteligência Artificial e Ciência de Dados,Linguagem R
d3502a6e-696d-4269-9dfe-fba4a4b74124,3,25,7d161b85-2593-42bc-b0c7-a199e18fc71c,Desenvolvimento de Software,,Inteligência Artificial e Ciência de Dados,Aprendizado de máquina
d3502a6e-696d-4269-9dfe-fba4a4b74124,3,29,489c7415-6c0d-4173-816c-341cff98c2b8,Desenvolvimento de Software,,Desenvolvimento de Sistemas,Git e controle de versão
d3502a6e-696d-4269-9dfe-fba4a4b74124,3,30,be76c0de-7ff7-4f32-9402-1381fa44d87b,Desenvolvimento de Software,,Desenvolvimento de Sistemas,Java
d3502a6e-696d-4269-9dfe-fba4a4b74124,3,31,d84457e4-6793-4b22-8612-89add8676203,Desenvolvimento de Software,,Desenvolvimento de Sistemas,Java
d3502a6e-696d-4269-9dfe-fba4a4b74124,3,32,b7f13914-327c-41aa-adb6-957b94304129,Desenvolvimento de Software,,Desenvolvimento de Sistemas,Java
d3502a6e-696d-4269-9dfe-fba4a4b74124,3,33,8329a16a-6bc8-487e-b9c8-59fba7f8270e,Desenvolvimento de Software,,Desenvolvimento de Sistemas,"HTML5, CSS3 e TypeScript"
d3502a6e-696d-4269-9dfe-fba4a4b74124,3,34,502e3174-0546-4f15-992c-a96aae0bdb7a,Desenvolvimento de Software,,Desenvolvimento de Sistemas,Progressive Web Apps e Service Workers
d3502a6e-696d-4269-9dfe-fba4a4b74124,3,40,46ffd3a0-f99e-42e2-9e06-d215c0579d9e,Desenvolvimento de Software,,Desenvolvimento de Sistemas,Servidores web e de aplicação
d3502a6e-696d-4269-9dfe-fba4a4b74124,3,50,4210befb-8e3c-4a02-951c-35b7acdd0f97,Desenvolvimento de Software,,Engenharia de Software,Engenharia de requisitos
d3502a6e-696d-4269-9dfe-fba4a4b74124,3,53,902feea9-da60-4bc3-b9f0-0b355ee7549e,Desenvolvimento de Software,,Engenharia de Software,Testes de software
d3502a6e-696d-4269-9dfe-fba4a4b74124,3,54,6ba494c8-99e7-4246-9631-c309129dbbe1,Desenvolvimento de Software,,Engenharia de Software,Testes de software
d3502a6e-696d-4269-9dfe-fba4a4b74124,3,55,ef16b9ad-33bd-40cf-9e9e-fdf2fc6b07a2,Desenvolvimento de Software,,Engenharia de Software,Pontos de função e estimativas
d3502a6e-696d-4269-9dfe-fba4a4b74124,3,56,45a3ab71-6c1a-4e9b-8a29-fc87b96a0c57,Desenvolvimento de Software,,Engenharia de Software,UML e BPMN
d3502a6e-696d-4269-9dfe-fba4a4b74124,3,57,5daba49f-ebff-4b13-a19d-8ae08d6a98b1,Desenvolvimento de Software,,Engenharia de Software,Engenharia de requisitos
d3502a6e-696d-4269-9dfe-fba4a4b74124,3,58,219f701b-9ecb-4c06-9917-19c6dd89acf4,Desenvolvimento de Software,,Engenharia de Software,UML e BPMN
d3502a6e-696d-4269-9dfe-fba4a4b74124,3,59,5bb23707-ad8a-441f-9c57-1cad5c7b4c2f,Desenvolvimento de Software,,Desenvolvimento de Sistemas,Orientação a objetos e programação funcional
d3502a6e-696d-4269-9dfe-fba4a4b74124,3,60,eef18476-d5f3-4bce-9a9f-40ad1eb993b9,Desenvolvimento de Software,,Engenharia de Software,Padrões de projeto
d3f75cb5-4951-479c-ada2-acfa0d6651cd,1,27,673ec94c-280e-4a3b-89dc-147102604d53,Desenvolvimento de Software,,Desenvolvimento de Sistemas,Documentação de APIs (OpenAPI)
d3f75cb5-4951-479c-ada2-acfa0d6651cd,1,29,b0546dd5-63a2-46ee-a47d-80ffc75daf98,Desenvolvimento de Software,,Engenharia de Software,Arquitetura de software
d3f75cb5-4951-479c-ada2-acfa0d6651cd,1,31,24336fe2-3ecb-42c4-b082-f4c07871fcac,Desenvolvimento de Software,,Desenvolvimento de Sistemas,"HTML5, CSS3 e TypeScript"
d3f75cb5-4951-479c-ada2-acfa0d6651cd,1,32,d832cd26-ec13-4528-849a-84c8f4b8f730,Desenvolvimento de Software,,Desenvolvimento de Sistemas,React
d3f75cb5-4951-479c-ada2-acfa0d6651cd,1,33,fa6f8ef2-acf8-4a33-a2c4-d88249920aaa,Desenvolvimento de Software,,Desenvolvimento de Sistemas,Git e controle de versão
d3f75cb5-4951-479c-ada2-acfa0d6651cd,1,34,7ddfb7d3-ffeb-4621-b36b-fcd928b5371f,Desenvolvimento de Software,,Desenvolvimento de Sistemas,Mapeamento objeto-relacional (JPA e Hibernate)
d3f75cb5-4951-479c-ada2-acfa0d6651cd,1,35,5451afb4-c86c-43ad-95ae-8ad6ee3a7d53,Desenvolvimento de Software,,Desenvolvimento de Sistemas,JSON e XML
d3f75cb5-4951-479c-ada2-acfa0d6651cd,1,38,3bd5045c-a5cc-4ccc-99d8-4dc81990815d,Desenvolvimento de Software,,Desenvolvimento de Sistemas,"Outras linguagens (PHP, C#, Visual Basic)"
d3f75cb5-4951-479c-ada2-acfa0d6651cd,1,39,0b39c807-1979-446f-b3e5-fc38ee60b2f6,Desenvolvimento de Software,,Desenvolvimento de Sistemas,"Outras linguagens (PHP, C#, Visual Basic)"
d3f75cb5-4951-479c-ada2-acfa0d6651cd,1,40,a7cdf7a8-c526-4a12-ae01-841554aabb41,Desenvolvimento de Software,,Desenvolvimento de Sistemas,"Outras linguagens (PHP, C#, Visual Basic)"
d3f75cb5-4951-479c-ada2-acfa0d6651cd,1,41,30eda0e9-5f9d-4910-9558-0c570eb462de,Desenvolvimento de Software,,Engenharia de Software,UML e BPMN
d3f75cb5-4951-479c-ada2-acfa0d6651cd,1,42,44f9c20e-1170-46ff-8587-1fa9d5f4b42d,Desenvolvimento de Software,,Desenvolvimento de Sistemas,"Outras linguagens (PHP, C#, Visual Basic)"
d3f75cb5-4951-479c-ada2-acfa0d6651cd,1,44,2ce2677e-ff8f-4726-af31-7f6a1cbe71bf,Desenvolvimento de Software,,Engenharia de Software,UML e BPMN
f831d9bf-3ea6-4c22-9cdf-1374e6d53904,1,33,4110d22c-9a8b-4903-ab37-5f6c04c86446,Desenvolvimento de Software,,Desenvolvimento de Sistemas,Servidores web e de aplicação
f831d9bf-3ea6-4c22-9cdf-1374e6d53904,1,41,7bd6dd3d-4e04-48d0-9cc9-7c131134ca1d,Desenvolvimento de Software,,Desenvolvimento de Sistemas,JavaScript e Node.js
f831d9bf-3ea6-4c22-9cdf-1374e6d53904,1,44,0a12c122-1a13-451e-97be-3a5440288ce4,Desenvolvimento de Software,,Desenvolvimento de Sistemas,Orientação a objetos e programação funcional
f831d9bf-3ea6-4c22-9cdf-1374e6d53904,1,45,7a9f775f-1457-4ad0-85a7-d9ab8ef38412,Desenvolvimento de Software,,Desenvolvimento de Sistemas,JSON e XML
f831d9bf-3ea6-4c22-9cdf-1374e6d53904,1,46,4cf8da7f-9577-4770-a80d-f3187d1edffd,Desenvolvimento de Software,,Desenvolvimento de Sistemas,JavaScript e Node.js
f831d9bf-3ea6-4c22-9cdf-1374e6d53904,1,47,86ea3075-1833-4de0-b73a-487a87367e84,Desenvolvimento de Software,,Desenvolvimento de Sistemas,"HTML5, CSS3 e TypeScript"
f831d9bf-3ea6-4c22-9cdf-1374e6d53904,1,52,8d527d3e-f175-4db9-8048-f91d9338da49,Desenvolvimento de Software,,Desenvolvimento de Sistemas,APIs RESTful
f831d9bf-3ea6-4c22-9cdf-1374e6d53904,1,53,59b71113-6e39-4dba-a727-81385e130537,Desenvolvimento de Software,,Desenvolvimento de Sistemas,Java
f831d9bf-3ea6-4c22-9cdf-1374e6d53904,1,54,b00daab3-0b7e-4b68-8565-9f144fc03870,Desenvolvimento de Software,,Desenvolvimento de Sistemas,Mapeamento objeto-relacional (JPA e Hibernate)
72292071-41ba-4de4-900a-a5aa4222f1f3,1,23,ba8ea89c-08c5-42b3-a265-715bcec055e5,Engenharia de Software,,Engenharia de Software,Engenharia de requisitos
72292071-41ba-4de4-900a-a5aa4222f1f3,1,26,a4d61e92-6f9d-4551-84c3-569c50263f0e,Engenharia de Software,,Engenharia de Software,UML e BPMN
72292071-41ba-4de4-900a-a5aa4222f1f3,1,28,588d06a4-f518-4cc3-a4f4-51b6f56147f3,Engenharia de Software,,Engenharia de Software,"Métodos ágeis (Scrum, Kanban, XP)"
72292071-41ba-4de4-900a-a5aa4222f1f3,1,55,56affc12-43df-463a-b8b2-ea9396ee05f7,Engenharia de Software,,Engenharia de Software,UML e BPMN
72292071-41ba-4de4-900a-a5aa4222f1f3,1,56,1a19281b-b96a-4b62-95e7-11fcde7c9af8,Engenharia de Software,,Engenharia de Software,Engenharia de requisitos
72292071-41ba-4de4-900a-a5aa4222f1f3,1,57,6ca178e6-93e3-43f5-93e7-4928fb14bc9f,Engenharia de Software,,Engenharia de Software,Testes de software
72292071-41ba-4de4-900a-a5aa4222f1f3,1,59,2d74fe66-f6e1-4b34-961e-d512649a1205,Engenharia de Software,,Engenharia de Software,Padrões de projeto
8df3786f-6f6a-4b1f-8aff-fb0565e8d755,1,21,36f44cf2-0e96-4175-acc2-748cc6dfbcc7,Engenharia de Software,,Desenvolvimento de Sistemas,Documentação de APIs (OpenAPI)
8df3786f-6f6a-4b1f-8aff-fb0565e8d755,1,25,b226445e-9835-4a5f-9897-98ff4a890592,Engenharia de Software,,Engenharia de Software,Ciclo de vida de software
8df3786f-6f6a-4b1f-8aff-fb0565e8d755,1,26,303a67e5-cc2d-4b07-abd8-547b4faf186a,Engenharia de Software,,Engenharia de Software,Engenharia de requisitos
8df3786f-6f6a-4b1f-8aff-fb0565e8d755,1,27,0d2934c0-1970-4371-934c-30e544082c95,Engenharia de Software,,Engenharia de Software,UML e BPMN
8df3786f-6f6a-4b1f-8aff-fb0565e8d755,1,28,71a11aa7-ce14-4777-b9c9-7e9be7353dff,Engenharia de Software,,Engenharia de Software,"Métodos ágeis (Scrum, Kanban, XP)"
8df3786f-6f6a-4b1f-8aff-fb0565e8d755,1,36,31d60edc-48a9-4ff9-97cb-5653fcfc8f6e,Engenharia de Software,,Desenvolvimento de Sistemas,Git e controle de versão
8df3786f-6f6a-4b1f-8aff-fb0565e8d755,1,37,6312351e-c83f-4060-ac74-bcd4f7529bdf,Engenharia de Software,,DevOps e Engenharia de Entrega,CI/CD e pipelines
8df3786f-6f6a-4b1f-8aff-fb0565e8d755,1,54,36780172-98b0-4792-83b9-32f62a797acf,Engenharia de Software,,Engenharia de Software,Testes de software
8df3786f-6f6a-4b1f-8aff-fb0565e8d755,1,56,a20790a8-0ecc-4b59-8b9d-675a62fcd007,Engenharia de Software,,Engenharia de Software,UML e BPMN
8df3786f-6f6a-4b1f-8aff-fb0565e8d755,1,59,9c34a53b-f533-4092-8572-f37c3b5268d4,Engenharia de Software,,Desenvolvimento de Sistemas,Git e controle de versão
8df3786f-6f6a-4b1f-8aff-fb0565e8d755,1,60,5b7e2951-cb6d-4afb-946a-1a4025fd0e21,Engenharia de Software,,Engenharia de Software,Testes de software
8dfb3965-ffff-4826-9f95-5231421d957a,1,39,110f1d3a-d62d-4329-abb5-6e3c624fe152,Engenharia de Software,,Engenharia de Software,"Princípios SOLID, DRY, KISS e YAGNI"
8dfb3965-ffff-4826-9f95-5231421d957a,1,43,91337dd9-2358-4957-ad45-2d7160d45d69,Engenharia de Software,,DevOps e Engenharia de Entrega,CI/CD e pipelines
8dfb3965-ffff-4826-9f95-5231421d957a,1,44,85ef28b3-4dfc-4ff2-83ee-7ebe70228bad,Engenharia de Software,,Desenvolvimento de Sistemas,Git e controle de versão
8dfb3965-ffff-4826-9f95-5231421d957a,1,45,3dc9fd81-d414-41b9-8a96-03a8558b7426,Engenharia de Software,,Engenharia de Software,Arquitetura de software
8dfb3965-ffff-4826-9f95-5231421d957a,1,46,4a693483-ffe4-4ec2-a8ff-1a7638e15273,Engenharia de Software,,Engenharia de Software,Padrões de projeto
8dfb3965-ffff-4826-9f95-5231421d957a,1,47,96531f9d-08af-4e38-8e37-35a37d891859,Engenharia de Software,,DevOps e Engenharia de Entrega,CI/CD e pipelines
8dfb3965-ffff-4826-9f95-5231421d957a,1,55,887b2011-fe88-4180-912b-479891aba4f8,Engenharia de Software,,Engenharia de Software,Qualidade de software
8dfb3965-ffff-4826-9f95-5231421d957a,1,56,ca1e19b5-5696-4d3c-90bd-fa7dfa8f31e6,Engenharia de Software,,Engenharia de Software,UML e BPMN
8dfb3965-ffff-4826-9f95-5231421d957a,1,57,8766b46c-0e81-4189-9ef9-72bbae860fd3,Engenharia de Software,,Engenharia de Software,"Modelos de processo (preditivo, iterativo, ágil)"
8dfb3965-ffff-4826-9f95-5231421d957a,1,59,a65bd427-a07d-43f9-adf1-ab94c76b19cc,Engenharia de Software,,Engenharia de Software,Pontos de função e estimativas
8dfb3965-ffff-4826-9f95-5231421d957a,1,60,99623cf6-25d5-4d4b-a547-63eb31639080,Engenharia de Software,,Engenharia de Software,UML e BPMN
ae5a89fb-0703-44aa-9502-bfecdd3f0f41,2,21,369ad987-07f4-4c39-91e9-694c29b155ca,Engenharia de Software,,Desenvolvimento de Sistemas,JavaScript e Node.js
ae5a89fb-0703-44aa-9502-bfecdd3f0f41,2,22,082fb3df-8307-45c9-b733-a063c9c758bf,Engenharia de Software,,Desenvolvimento de Sistemas,Java
ae5a89fb-0703-44aa-9502-bfecdd3f0f41,2,23,2a0b5c73-12a9-4945-955f-eef6ae2aaa5b,Engenharia de Software,,Desenvolvimento de Sistemas,Angular
ae5a89fb-0703-44aa-9502-bfecdd3f0f41,2,24,ee2f1884-3ab3-4d24-b96b-9a96def082b8,Engenharia de Software,,Segurança da Informação,Segurança em aplicações e DevSecOps
ae5a89fb-0703-44aa-9502-bfecdd3f0f41,2,25,ad99d923-8e0a-43b3-8b38-9c0672de52e5,Engenharia de Software,,Desenvolvimento de Sistemas,JSON e XML
ae5a89fb-0703-44aa-9502-bfecdd3f0f41,2,26,61f69827-4980-4396-a7a5-80bc24d768aa,Engenharia de Software,,Engenharia de Software,Ciclo de vida de software
ae5a89fb-0703-44aa-9502-bfecdd3f0f41,2,29,69303764-f9dc-4f38-a62e-2f993590301b,Engenharia de Software,,Hardware,Representação de dados e aritmética computacional
ae5a89fb-0703-44aa-9502-bfecdd3f0f41,2,30,619e88cf-632e-489c-8670-ce4b4ee916d7,Engenharia de Software,,Desenvolvimento de Sistemas,Java
ae5a89fb-0703-44aa-9502-bfecdd3f0f41,2,32,366d64d6-6150-45ab-bbcf-b4cd4d314f0e,Engenharia de Software,,Engenharia de Software,Mapeamento objeto-relacional (JPA e Hibernate)
ae5a89fb-0703-44aa-9502-bfecdd3f0f41,2,33,0043604f-d45b-4b02-8c89-0762f31ca573,Engenharia de Software,,Engenharia de Software,Mapeamento objeto-relacional (JPA e Hibernate)
ae5a89fb-0703-44aa-9502-bfecdd3f0f41,2,34,773da971-0c3e-4e24-af92-f46b2ae1ac9a,Engenharia de Software,,Desenvolvimento de Sistemas,Java
ae5a89fb-0703-44aa-9502-bfecdd3f0f41,2,51,09d0bc08-3e7b-47f9-9bd0-6b2af40c1158,Engenharia de Software,,Engenharia de Software,Qualidade de software
ae5a89fb-0703-44aa-9502-bfecdd3f0f41,2,52,4f8edb09-b504-487b-b170-eea7f3761529,Engenharia de Software,,Engenharia de Software,Qualidade de software
ae5a89fb-0703-44aa-9502-bfecdd3f0f41,2,53,948f6ff3-a621-4fa7-8799-582b1c55cece,Engenharia de Software,,Engenharia de Software,Testes de software
ae5a89fb-0703-44aa-9502-bfecdd3f0f41,2,54,76b080c5-bc17-4916-b762-ff6416edd888,Engenharia de Software,,Engenharia de Software,"Métodos ágeis (Scrum, Kanban, XP)"
ae5a89fb-0703-44aa-9502-bfecdd3f0f41,2,55,e99efdfd-9b86-4274-abc6-f3cb212a04b5,Engenharia de Software,,Engenharia de Software,"Modelos de processo (preditivo, iterativo, ágil)"
ae5a89fb-0703-44aa-9502-bfecdd3f0f41,2,56,2d0f2f8b-c496-4759-b88b-325e43e746ba,Engenharia de Software,,Engenharia de Software,UML e BPMN
ae5a89fb-0703-44aa-9502-bfecdd3f0f41,2,57,19d5a245-36eb-416e-93bb-3ba75912c64a,Engenharia de Software,,Engenharia de Software,UML e BPMN
ae5a89fb-0703-44aa-9502-bfecdd3f0f41,2,58,f8b6fadd-2abf-4ada-bff6-dbc76a631b11,Engenharia de Software,,Desenvolvimento de Sistemas,Orientação a objetos e programação funcional
ae5a89fb-0703-44aa-9502-bfecdd3f0f41,2,59,aea7183e-c7eb-4782-9923-1f3223f55c79,Engenharia de Software,,Engenharia de Software,Padrões de projeto
ae5a89fb-0703-44aa-9502-bfecdd3f0f41,2,60,4e527e26-bb5a-4411-8a11-ff2c977305c4,Engenharia de Software,,Desenvolvimento de Sistemas,Git e controle de versão
c2ea228f-385b-4bb1-a1ea-4f7f31b18063,1,41,72ec3327-afd1-4e65-b3e4-de8eb4898469,Engenharia de Software,,Desenvolvimento de Sistemas,Orientação a objetos e programação funcional
c2ea228f-385b-4bb1-a1ea-4f7f31b18063,1,42,2248a3a0-5dc6-4f3b-aaaf-f080861c506e,Engenharia de Software,,Desenvolvimento de Sistemas,Algoritmos e estruturas de dados
c2ea228f-385b-4bb1-a1ea-4f7f31b18063,1,43,76cfa019-2be0-42ce-b540-35e4a577a265,Engenharia de Software,,Desenvolvimento de Sistemas,Algoritmos e estruturas de dados
c2ea228f-385b-4bb1-a1ea-4f7f31b18063,1,44,f51cb487-c9e6-421c-84c6-8a7d355d3e2f,Engenharia de Software,,Desenvolvimento de Sistemas,Algoritmos e estruturas de dados
c2ea228f-385b-4bb1-a1ea-4f7f31b18063,1,45,268b27dc-e6fe-4900-891d-9370ff021dff,Engenharia de Software,,Desenvolvimento de Sistemas,React
c2ea228f-385b-4bb1-a1ea-4f7f31b18063,1,46,9b0c3314-b920-403d-ae7a-3afd156a97dc,Engenharia de Software,,Desenvolvimento de Sistemas,Desenvolvimento móvel (React Native)
c2ea228f-385b-4bb1-a1ea-4f7f31b18063,1,47,625da1c1-f359-4bf1-a9f9-420864b73cbb,Engenharia de Software,,Desenvolvimento de Sistemas,"Outras linguagens (PHP, C#, Visual Basic)"
c2ea228f-385b-4bb1-a1ea-4f7f31b18063,1,57,dff7dbd3-3f84-4f95-8ba8-9bd352b39a37,Engenharia de Software,,Desenvolvimento de Sistemas,JSON e XML
c2ea228f-385b-4bb1-a1ea-4f7f31b18063,1,58,566e5b9f-b7fc-416b-a0bf-5e48a0ade470,Engenharia de Software,,Desenvolvimento de Sistemas,JavaScript e Node.js
f831d9bf-3ea6-4c22-9cdf-1374e6d53904,1,21,ea762b46-2383-4f2a-a8a3-dc7d4e2cd09f,Engenharia de Software,,Engenharia de Software,Engenharia de requisitos
f831d9bf-3ea6-4c22-9cdf-1374e6d53904,1,22,9aa56cbb-e401-4046-90c5-62279b91d6eb,Engenharia de Software,,Engenharia de Software,Low-code e no-code
f831d9bf-3ea6-4c22-9cdf-1374e6d53904,1,23,bb406aac-0b92-4e20-8e77-d27058fbe046,Engenharia de Software,,Engenharia de Software,Qualidade de software
f831d9bf-3ea6-4c22-9cdf-1374e6d53904,1,24,936dc732-65c2-498b-9699-6729ab0833a9,Engenharia de Software,,Engenharia de Software,UML e BPMN
f831d9bf-3ea6-4c22-9cdf-1374e6d53904,1,31,60a9f084-dbbf-43a6-a02d-f37daa934394,Engenharia de Software,,DevOps e Engenharia de Entrega,CI/CD e pipelines
9f665c06-bb3f-4834-93e7-154468be1ff0,1,37,0191130e-f7da-416c-8162-d6f81ab673b4,Geografia e História de Roraima,,Geografia e História de Roraima,História e formação territorial de Roraima
9f665c06-bb3f-4834-93e7-154468be1ff0,1,38,5fb2368d-6296-4e85-9df0-78bdbfc5a182,Geografia e História de Roraima,,Geografia e História de Roraima,Povos indígenas e ocupação territorial de Roraima
9f665c06-bb3f-4834-93e7-154468be1ff0,1,39,79126be1-fe4a-467d-b3e2-50e83d9ee810,Geografia e História de Roraima,,Geografia e História de Roraima,História e formação territorial de Roraima
9f665c06-bb3f-4834-93e7-154468be1ff0,1,40,e129a713-e829-4853-bd20-492a4a488d16,Geografia e História de Roraima,,Geografia e História de Roraima,História e formação territorial de Roraima
d3f75cb5-4951-479c-ada2-acfa0d6651cd,1,43,cb2243dc-4ad9-4d22-a092-033661c53139,Governan&ccedil;a de TI,,Governança de TI,"COBIT, ITIL e ISO/IEC 38500"
d3f75cb5-4951-479c-ada2-acfa0d6651cd,1,46,8dad34a5-0e81-43bf-9667-4fdfae907d2f,Governan&ccedil;a de TI,,Governança de TI,Gestão de projetos
d3f75cb5-4951-479c-ada2-acfa0d6651cd,1,55,f7707efa-3e49-4868-9d72-42d41987e969,Governan&ccedil;a de TI,,DevOps e Engenharia de Entrega,CI/CD e pipelines
d3f75cb5-4951-479c-ada2-acfa0d6651cd,1,58,afd48960-4681-4378-b1b3-a2f4e3c8f20e,Governan&ccedil;a de TI,,Governança de TI,Normativos do CNJ sobre TI
33611af7-9fe4-426a-a055-8084a29e62be,1,49,08447d47-1e08-49cc-9bc0-041005083aa3,Governança de TI,,Governança de TI,Gestão de projetos
33611af7-9fe4-426a-a055-8084a29e62be,1,54,96bdfaa3-4d9a-4ce3-af1c-a8765c9b6fb9,Governança de TI,,Governança de TI,"COBIT, ITIL e ISO/IEC 38500"
33611af7-9fe4-426a-a055-8084a29e62be,1,55,6ceb1a56-8565-4f27-be4d-987835c4c75a,Governança de TI,,Governança de TI,Gestão de projetos
33611af7-9fe4-426a-a055-8084a29e62be,1,56,fb816f7b-3fb7-4f50-b5f4-f2a27f7a079e,Governança de TI,,Engenharia de Software,UML e BPMN
33611af7-9fe4-426a-a055-8084a29e62be,1,59,7bf0fdbe-e520-40e1-aea4-93af97e5dadb,Governança de TI,,Engenharia de Software,Histórias de usuário e critérios de aceite
72292071-41ba-4de4-900a-a5aa4222f1f3,1,24,f89724e2-df85-496d-9a35-597b8875fb79,Governança de TI,,Engenharia de Software,Qualidade de software
72292071-41ba-4de4-900a-a5aa4222f1f3,1,25,e9e25a19-5f77-4d07-a241-32e99e1a4e3a,Governança de TI,,Engenharia de Software,Qualidade de software
77b7e732-852e-4cf7-8f51-09d6df78c4bd,1,55,5cf63048-2928-41a5-be18-691d840dda50,Governança de TI,,Governança de TI,Gestão de serviços de TI
77b7e732-852e-4cf7-8f51-09d6df78c4bd,1,56,5682a8c6-d65f-4b23-a53a-099a3e437a2f,Governança de TI,,Governança de TI,Gestão de serviços de TI
77b7e732-852e-4cf7-8f51-09d6df78c4bd,1,57,68d7cfa3-fdee-425b-bf12-ef4bf37b4dc0,Governança de TI,,Governança de TI,Portfólio e ativos de TI
77b7e732-852e-4cf7-8f51-09d6df78c4bd,1,58,7bc0479c-3ee0-4038-8ed3-36bff4868b06,Governança de TI,,Governança de TI,Gestão de serviços de TI
77b7e732-852e-4cf7-8f51-09d6df78c4bd,1,59,a90cb483-a1da-43ab-8d93-0f94cb88cea7,Governança de TI,,Governança de TI,Portfólio e ativos de TI
77b7e732-852e-4cf7-8f51-09d6df78c4bd,1,60,e09125dd-9764-4885-879a-fecf8c7aac1a,Governança de TI,,Governança de TI,Portfólio e ativos de TI
8df3786f-6f6a-4b1f-8aff-fb0565e8d755,1,23,015d3843-673c-4f87-abf7-f0eefc50a978,Governança de TI,,Engenharia de Software,Qualidade de software
8dfb3965-ffff-4826-9f95-5231421d957a,1,67,bc28aed7-609c-4073-88f6-591260b463d6,Governança de TI,,Governança de TI,"COBIT, ITIL e ISO/IEC 38500"
8dfb3965-ffff-4826-9f95-5231421d957a,1,69,fca3ef01-4fa3-44e6-80df-a87adde5b04d,Governança de TI,,Governança de TI,"COBIT, ITIL e ISO/IEC 38500"
8dfb3965-ffff-4826-9f95-5231421d957a,1,70,d9ac92d9-0731-4efb-adb8-98f9a4fbaff8,Governança de TI,,Governança de TI,Gestão de projetos
9f665c06-bb3f-4834-93e7-154468be1ff0,1,51,6df56be2-7452-4e92-bc8e-c9aba66fdaa4,Governança de TI,,Segurança da Informação,Backup e continuidade de negócios
9f665c06-bb3f-4834-93e7-154468be1ff0,1,59,b26bbd54-56f4-48c0-9a03-6256b75ad917,Governança de TI,,Governança de TI,"COBIT, ITIL e ISO/IEC 38500"
9f665c06-bb3f-4834-93e7-154468be1ff0,1,60,2c71a8b2-d033-46da-b773-ae979cd757aa,Governança de TI,,Governança de TI,Gestão de projetos
9f665c06-bb3f-4834-93e7-154468be1ff0,1,63,c5e68399-9fe5-48c9-ae93-5ca7d26775d5,Governança de TI,,Governança de TI,Contratações de TIC (Lei 14.133/2021)
9f665c06-bb3f-4834-93e7-154468be1ff0,1,64,c6aff78d-4297-4cdb-8849-713598388dbe,Governança de TI,,Governança de TI,Contratações de TIC (Lei 14.133/2021)
9f665c06-bb3f-4834-93e7-154468be1ff0,1,65,5fd3654f-8e9e-47bb-9b34-2431702fc6fe,Governança de TI,,Governança de TI,Governança de TI e estratégia
9f665c06-bb3f-4834-93e7-154468be1ff0,1,66,d0632dd7-249a-4023-be98-258a0152aad2,Governança de TI,,Governança de TI,Contratações de TIC (Lei 14.133/2021)
b367655f-b76f-4568-b537-9aebd09723b3,1,43,c805a389-46c0-4436-9203-c8672475b30e,Governança de TI,,Governança de TI,"COBIT, ITIL e ISO/IEC 38500"
b367655f-b76f-4568-b537-9aebd09723b3,1,46,a47c1b54-293e-4879-84fd-2000094120ef,Governança de TI,,Governança de TI,Gestão de projetos
b367655f-b76f-4568-b537-9aebd09723b3,1,47,973c9598-b191-4c5b-8663-31fb57a3dd92,Governança de TI,,Governança de TI,Gestão de projetos
b367655f-b76f-4568-b537-9aebd09723b3,1,48,33a415f6-3698-4eff-b29c-ff2198f9d683,Governança de TI,,Governança de TI,Governança de TI e estratégia
b367655f-b76f-4568-b537-9aebd09723b3,1,49,e50e1cf4-b0c7-40a5-b9ac-fe93a8d1f451,Governança de TI,,Governança de TI,Portfólio e ativos de TI
b367655f-b76f-4568-b537-9aebd09723b3,1,50,46eb0b4b-2ceb-4a8a-967e-0fea23c89eed,Governança de TI,,Governança de TI,"COBIT, ITIL e ISO/IEC 38500"
c2ea228f-385b-4bb1-a1ea-4f7f31b18063,1,30,f9703cb0-face-4da2-bd4e-5c0f21ff0489,Governança de TI,,Engenharia de Software,Qualidade de software
c2ea228f-385b-4bb1-a1ea-4f7f31b18063,1,31,c4cec0a2-25ae-4d09-87f2-a48042ebdb53,Governança de TI,,Engenharia de Software,UML e BPMN
c2ea228f-385b-4bb1-a1ea-4f7f31b18063,1,32,72818d3f-42dc-48b0-b870-57c88d748f4e,Governança de TI,,Engenharia de Software,"Métodos ágeis (Scrum, Kanban, XP)"
c2ea228f-385b-4bb1-a1ea-4f7f31b18063,1,48,066e572d-4417-41ce-b6e6-d7e0f9246615,Governança de TI,,Governança de TI,Gestão de projetos
c2ea228f-385b-4bb1-a1ea-4f7f31b18063,1,49,8c9fbba4-7fc1-4cd0-b271-89fef06ea19a,Governança de TI,,Governança de TI,"COBIT, ITIL e ISO/IEC 38500"
c2ea228f-385b-4bb1-a1ea-4f7f31b18063,1,50,fe34f414-7bd8-441a-86f2-dcfda07195f7,Governança de TI,,Governança de TI,"COBIT, ITIL e ISO/IEC 38500"
c2ea228f-385b-4bb1-a1ea-4f7f31b18063,1,59,ed55c1a2-87b9-4a48-8307-52b369073379,Governança de TI,,Governança de TI,Normativos do CNJ sobre TI
cfb1ca6d-740c-48dc-a373-b8119e3eaada,1,32,b3f11ad8-f971-4c5b-b1d4-f1b552389a0d,Governança de TI,,Segurança da Informação,Backup e continuidade de negócios
cfb1ca6d-740c-48dc-a373-b8119e3eaada,1,33,12c90f78-633e-4195-ade1-0283efc21918,Governança de TI,,Segurança da Informação,Backup e continuidade de negócios
cfb1ca6d-740c-48dc-a373-b8119e3eaada,1,45,55c1bd86-2f9d-4874-ace6-36becf33692b,Governança de TI,,Governança de TI,"COBIT, ITIL e ISO/IEC 38500"
cfb1ca6d-740c-48dc-a373-b8119e3eaada,1,46,8af9de3c-971b-4fd1-afda-0f18d348ce9d,Governança de TI,,Governança de TI,Gestão de projetos
cfb1ca6d-740c-48dc-a373-b8119e3eaada,1,47,634c3499-08ea-43d3-ab95-b8696b0f120a,Governança de TI,,Governança de TI,Governança de TI e estratégia
cfb1ca6d-740c-48dc-a373-b8119e3eaada,1,48,6b53254e-b526-4030-b73b-88ba631acffc,Governança de TI,,Governança de TI,Governança de TI e estratégia
cfb1ca6d-740c-48dc-a373-b8119e3eaada,1,49,d6c41e56-0b39-43c7-ba29-c00cf1f586fe,Governança de TI,,Governança de TI,Portfólio e ativos de TI
cfb1ca6d-740c-48dc-a373-b8119e3eaada,1,50,a42d04d5-0e0a-4d99-a9c6-2443cad5db5f,Governança de TI,,Governança de TI,Contratações de TIC (Lei 14.133/2021)
d3502a6e-696d-4269-9dfe-fba4a4b74124,3,46,b296416c-d1da-4455-9be5-8d22cf93502f,Governança de TI,,Segurança da Informação,Backup e continuidade de negócios
d3502a6e-696d-4269-9dfe-fba4a4b74124,3,48,0ebb2c48-4b69-40c6-9658-5a8c0054a9d1,Governança de TI,,DevOps e Engenharia de Entrega,Gerenciamento de configuração
d3502a6e-696d-4269-9dfe-fba4a4b74124,3,49,8283af16-d975-4b9b-a109-b9a65a840e81,Governança de TI,,Desenvolvimento de Sistemas,Git e controle de versão
d3502a6e-696d-4269-9dfe-fba4a4b74124,3,51,a88e4453-741a-4c88-988d-e9a572c6d82a,Governança de TI,,Engenharia de Software,Qualidade de software
d3502a6e-696d-4269-9dfe-fba4a4b74124,3,52,07b08168-52d5-4d60-a947-05f88ae650b4,Governança de TI,,Engenharia de Software,Qualidade de software
f831d9bf-3ea6-4c22-9cdf-1374e6d53904,1,51,af49cb8d-8d86-4bd7-98e7-4813491ca05a,Governança de TI,,Governança de TI,Gestão de projetos
f831d9bf-3ea6-4c22-9cdf-1374e6d53904,1,58,c4642281-4c61-4410-847d-a6091e08a6cb,Governança de TI,,Governança de TI,"COBIT, ITIL e ISO/IEC 38500"
f831d9bf-3ea6-4c22-9cdf-1374e6d53904,1,59,c2c739ee-c5ab-4b5f-87f1-f7aba08923df,Governança de TI,,Governança de TI,"COBIT, ITIL e ISO/IEC 38500"
77b7e732-852e-4cf7-8f51-09d6df78c4bd,1,31,9f7bb72a-021f-4ab0-a2fa-fadfe9273206,Hardware,,Hardware,Diagnóstico e manutenção de hardware
77b7e732-852e-4cf7-8f51-09d6df78c4bd,1,35,d4913cca-f910-4ce0-a6c6-ffc78e2d378a,Hardware,,Hardware,Diagnóstico e manutenção de hardware
77b7e732-852e-4cf7-8f51-09d6df78c4bd,1,45,816f44ab-6aa0-4441-b258-c0f574e1a10a,Hardware,,Hardware,Suporte a videoconferência
77b7e732-852e-4cf7-8f51-09d6df78c4bd,1,49,b4e39f88-6a79-4cd7-8a15-4886dcbd2274,Hardware,,Hardware,Infraestrutura elétrica e nobreaks
77b7e732-852e-4cf7-8f51-09d6df78c4bd,1,53,508174ae-bb8a-4aae-b588-718673bbd9c3,Hardware,,Hardware,Infraestrutura elétrica e nobreaks
72292071-41ba-4de4-900a-a5aa4222f1f3,1,21,b5bc85c0-e91a-4344-adee-7f47a6966acd,Inteligência Artificial,,Inteligência Artificial e Ciência de Dados,Estatística e avaliação de modelos
72292071-41ba-4de4-900a-a5aa4222f1f3,1,22,57c7e13b-d612-4396-b196-3a6042fa4e4a,Inteligência Artificial,,Inteligência Artificial e Ciência de Dados,Aprendizado de máquina
8dfb3965-ffff-4826-9f95-5231421d957a,1,61,22bfbac0-108e-4c3c-a7d7-5fc45d962fa4,Inteligência Artificial,,Inteligência Artificial e Ciência de Dados,Estatística e avaliação de modelos
8dfb3965-ffff-4826-9f95-5231421d957a,1,62,9515cd92-b3f4-43f4-8110-7a25a79fd4bf,Inteligência Artificial,,Inteligência Artificial e Ciência de Dados,Processamento de linguagem natural
8dfb3965-ffff-4826-9f95-5231421d957a,1,63,2535c23a-1068-4b7a-a3e7-b52ff66bb710,Inteligência Artificial,,Inteligência Artificial e Ciência de Dados,Processamento de linguagem natural
8dfb3965-ffff-4826-9f95-5231421d957a,1,64,9a9eabcc-d0b3-4271-95c2-b5e18d725dce,Inteligência Artificial,,Inteligência Artificial e Ciência de Dados,Estatística e avaliação de modelos
8dfb3965-ffff-4826-9f95-5231421d957a,1,66,1cf66ba1-fc22-4bbf-8c92-101b27730809,Inteligência Artificial,,Inteligência Artificial e Ciência de Dados,Ciência de dados
f831d9bf-3ea6-4c22-9cdf-1374e6d53904,1,25,6d0a1d95-569e-4ac7-8f5e-9e1c8ca13939,Inteligência Artificial,,Inteligência Artificial e Ciência de Dados,Aprendizado de máquina
f831d9bf-3ea6-4c22-9cdf-1374e6d53904,1,28,e6519a53-bb96-4c95-883b-1ff81597f0be,Inteligência Artificial,,Inteligência Artificial e Ciência de Dados,Estatística e avaliação de modelos
33611af7-9fe4-426a-a055-8084a29e62be,1,64,a043a6e7-23a5-4d4e-889d-ce38d7f52af5,Legislação,,Governança de TI,Contratações de TIC (Lei 14.133/2021)
b367655f-b76f-4568-b537-9aebd09723b3,1,34,e04795ec-97a4-42ab-a6cc-4a79ce33bfdd,Legislação,,Legislação Aplicada à TI,LGPD
d3f75cb5-4951-479c-ada2-acfa0d6651cd,1,16,e6206ac5-484d-44cd-8635-b8406c599079,Legislação,,Direito Administrativo,Servidores públicos federais (Lei 8.112/1990)
d3f75cb5-4951-479c-ada2-acfa0d6651cd,1,17,fb6da2d9-bb03-4c28-ba57-7bbe1006cc6b,Legislação,,Sustentabilidade,Sustentabilidade no Poder Judiciário
d3f75cb5-4951-479c-ada2-acfa0d6651cd,1,18,bba5150e-a5be-44cb-917f-22a5bc8dbfd2,Legislação,,Legislação Institucional,Regimento interno e organização de tribunais
d3f75cb5-4951-479c-ada2-acfa0d6651cd,1,19,a69092ab-9acb-41e5-9336-31092d8150c5,Legislação,,Legislação Institucional,Regimento interno e organização de tribunais
d3f75cb5-4951-479c-ada2-acfa0d6651cd,1,20,e9dbd6c2-b15e-4e6e-9991-ff56419eef03,Legislação,,Direito Administrativo,Servidores públicos federais (Lei 8.112/1990)
9f665c06-bb3f-4834-93e7-154468be1ff0,1,33,266b656a-12fa-4cb6-a2cd-da0510be8e89,Legislação Institucional,,Legislação Institucional,Regimento e organização da Assembleia Legislativa
9f665c06-bb3f-4834-93e7-154468be1ff0,1,34,08f1972b-5d98-495b-893d-7c7a1f0ce211,Legislação Institucional,,Legislação Institucional,Regimento e organização da Assembleia Legislativa
9f665c06-bb3f-4834-93e7-154468be1ff0,1,35,56577155-97d4-4c0a-8dd8-a9b86da539b1,Legislação Institucional,,Legislação Institucional,Constituição do Estado de Roraima
9f665c06-bb3f-4834-93e7-154468be1ff0,1,36,908c54ee-0264-4b20-a72d-63923adba253,Legislação Institucional,,Legislação Institucional,Regimento e organização da Assembleia Legislativa
33611af7-9fe4-426a-a055-8084a29e62be,1,1,be388aae-7c4d-4f97-be8a-df4d35cf95f3,Língua Portuguesa,,Língua Portuguesa,Concordância nominal e verbal
33611af7-9fe4-426a-a055-8084a29e62be,1,2,5c4aa2ce-b177-4684-9869-42a0bb6cb573,Língua Portuguesa,,Língua Portuguesa,Compreensão e interpretação de textos
33611af7-9fe4-426a-a055-8084a29e62be,1,3,23719efc-0fbc-4c2b-bcc3-66144ef3cbca,Língua Portuguesa,,Língua Portuguesa,Compreensão e interpretação de textos
33611af7-9fe4-426a-a055-8084a29e62be,1,4,39b2820d-f592-4c46-a111-6cbdcae39d8b,Língua Portuguesa,,Língua Portuguesa,Sinonímia e antonímia
33611af7-9fe4-426a-a055-8084a29e62be,1,5,85f3ce7a-99f5-4c45-a964-9e904a54d14c,Língua Portuguesa,,Língua Portuguesa,Vozes do verbo
33611af7-9fe4-426a-a055-8084a29e62be,1,6,f415994e-baef-4da3-b72b-76f9dfe47b67,Língua Portuguesa,,Língua Portuguesa,Pontuação
33611af7-9fe4-426a-a055-8084a29e62be,1,7,e63ca796-27a4-471e-8ffd-7a7763e2f154,Língua Portuguesa,,Língua Portuguesa,Compreensão e interpretação de textos
33611af7-9fe4-426a-a055-8084a29e62be,1,8,8d3017d6-5c2f-43c4-a09e-dcd5669c1a98,Língua Portuguesa,,Língua Portuguesa,Sinonímia e antonímia
33611af7-9fe4-426a-a055-8084a29e62be,1,9,c24a07da-ccf9-42d4-a159-110cb73ac573,Língua Portuguesa,,Língua Portuguesa,Regência nominal e verbal
72292071-41ba-4de4-900a-a5aa4222f1f3,1,1,285d2f1c-7473-4797-af00-3aca3fe53e76,Língua Portuguesa,,Língua Portuguesa,Sinonímia e antonímia
72292071-41ba-4de4-900a-a5aa4222f1f3,1,2,25a7d65d-d444-4d4c-99a5-f7e97a632044,Língua Portuguesa,,Língua Portuguesa,Compreensão e interpretação de textos
72292071-41ba-4de4-900a-a5aa4222f1f3,1,3,04b32822-62d8-4fb1-81d0-64b1bb384260,Língua Portuguesa,,Língua Portuguesa,Compreensão e interpretação de textos
72292071-41ba-4de4-900a-a5aa4222f1f3,1,4,345af094-f3cf-4b8f-83c3-627dfd1f0c08,Língua Portuguesa,,Língua Portuguesa,Reescrita de frases
72292071-41ba-4de4-900a-a5aa4222f1f3,1,5,031b7a6d-e92a-43d7-ac25-f8dc027af72e,Língua Portuguesa,,Língua Portuguesa,Concordância nominal e verbal
72292071-41ba-4de4-900a-a5aa4222f1f3,1,6,cc612abe-ef1b-493d-9ec2-af243b7e1f29,Língua Portuguesa,,Língua Portuguesa,Compreensão e interpretação de textos
72292071-41ba-4de4-900a-a5aa4222f1f3,1,7,1fbacc41-cbcc-4e0d-91a2-f7d02e94158a,Língua Portuguesa,,Língua Portuguesa,Regência nominal e verbal
72292071-41ba-4de4-900a-a5aa4222f1f3,1,8,2a1f94e8-386c-4611-8136-87c1fbc7f7c2,Língua Portuguesa,,Língua Portuguesa,Compreensão e interpretação de textos
72292071-41ba-4de4-900a-a5aa4222f1f3,1,9,9527fd32-a641-421d-9767-f22326dc74e5,Língua Portuguesa,,Língua Portuguesa,Compreensão e interpretação de textos
72292071-41ba-4de4-900a-a5aa4222f1f3,1,10,58497d6a-048f-499d-a462-b581191d61eb,Língua Portuguesa,,Língua Portuguesa,Vozes do verbo
77b7e732-852e-4cf7-8f51-09d6df78c4bd,1,1,8e65610c-aacd-4b21-99e1-06379a4c6514,Língua Portuguesa,,Língua Portuguesa,Discurso direto e indireto
77b7e732-852e-4cf7-8f51-09d6df78c4bd,1,2,46d230d4-6e9b-49c8-99bc-aff77e1f6b4e,Língua Portuguesa,,Língua Portuguesa,Compreensão e interpretação de textos
77b7e732-852e-4cf7-8f51-09d6df78c4bd,1,3,5a6a7920-9096-44cb-8bbe-4f264358ca41,Língua Portuguesa,,Língua Portuguesa,Conectivos
77b7e732-852e-4cf7-8f51-09d6df78c4bd,1,4,8553f1aa-68ff-4af6-a087-a34099df88f9,Língua Portuguesa,,Língua Portuguesa,Flexão nominal e verbal
77b7e732-852e-4cf7-8f51-09d6df78c4bd,1,5,a8054d11-914a-474f-a76e-f9394f3d259a,Língua Portuguesa,,Língua Portuguesa,Pontuação
77b7e732-852e-4cf7-8f51-09d6df78c4bd,1,6,496b2d6c-b821-4c13-9dea-603f4e7de880,Língua Portuguesa,,Língua Portuguesa,Tempos e modos verbais
77b7e732-852e-4cf7-8f51-09d6df78c4bd,1,7,4f033a75-10c2-47a2-8d9b-1a247ccf960e,Língua Portuguesa,,Língua Portuguesa,Morfossintaxe
77b7e732-852e-4cf7-8f51-09d6df78c4bd,1,8,aed74197-303d-42d9-aa41-c0cd902c1a8e,Língua Portuguesa,,Língua Portuguesa,Pronomes
77b7e732-852e-4cf7-8f51-09d6df78c4bd,1,9,c2ad9c59-e01b-420a-add1-bd2b088add04,Língua Portuguesa,,Língua Portuguesa,Morfossintaxe
77b7e732-852e-4cf7-8f51-09d6df78c4bd,1,10,241a391a-4ac3-436c-b3c6-89f7fe978253,Língua Portuguesa,,Língua Portuguesa,Discurso direto e indireto
77b7e732-852e-4cf7-8f51-09d6df78c4bd,1,11,858064f6-6460-460e-88f7-b60b5dfeea82,Língua Portuguesa,,Língua Portuguesa,Conectivos
77b7e732-852e-4cf7-8f51-09d6df78c4bd,1,12,e2f5a068-7904-4b4a-b8ba-54c79fb3b93a,Língua Portuguesa,,Língua Portuguesa,Figuras de linguagem
77b7e732-852e-4cf7-8f51-09d6df78c4bd,1,13,1330a03f-1bfb-4aed-9f47-38cea73781d7,Língua Portuguesa,,Língua Portuguesa,Pronomes
77b7e732-852e-4cf7-8f51-09d6df78c4bd,1,14,d2b60f87-3340-44ba-944d-a394e3037c7a,Língua Portuguesa,,Língua Portuguesa,Pronomes
77b7e732-852e-4cf7-8f51-09d6df78c4bd,1,15,378e7e93-e9f9-47fb-8e43-e428b019e9df,Língua Portuguesa,,Língua Portuguesa,Denotação e conotação
77b7e732-852e-4cf7-8f51-09d6df78c4bd,1,16,83be8f00-f8b5-4264-b04b-5127f52c7e01,Língua Portuguesa,,Língua Portuguesa,Pronomes
77b7e732-852e-4cf7-8f51-09d6df78c4bd,1,17,6b62ce67-cc30-4eea-8f60-d706179a0bbe,Língua Portuguesa,,Língua Portuguesa,Vozes do verbo
77b7e732-852e-4cf7-8f51-09d6df78c4bd,1,18,1cda1e78-eb46-4a5a-a46b-b4ddd06af161,Língua Portuguesa,,Língua Portuguesa,Pontuação
77b7e732-852e-4cf7-8f51-09d6df78c4bd,1,19,b63b92ba-6553-4d53-99bf-8d46a3b2d16a,Língua Portuguesa,,Língua Portuguesa,Morfossintaxe
77b7e732-852e-4cf7-8f51-09d6df78c4bd,1,20,1c6560d6-a97d-4fe1-83d6-f2a1ee1114dc,Língua Portuguesa,,Língua Portuguesa,Formação de palavras
8df3786f-6f6a-4b1f-8aff-fb0565e8d755,1,1,1fb741a1-8387-4e3a-8dc3-8a71137894da,Língua Portuguesa,,Língua Portuguesa,Compreensão e interpretação de textos
8df3786f-6f6a-4b1f-8aff-fb0565e8d755,1,2,4785c2c5-826f-41a8-91bb-7514da1bdbe5,Língua Portuguesa,,Língua Portuguesa,Reescrita de frases
8df3786f-6f6a-4b1f-8aff-fb0565e8d755,1,3,f2958317-d475-4441-839d-e473a9cadfe0,Língua Portuguesa,,Língua Portuguesa,Formação de palavras
8df3786f-6f6a-4b1f-8aff-fb0565e8d755,1,4,9031cb99-916e-4520-a7a4-8b47c4298b92,Língua Portuguesa,,Língua Portuguesa,Compreensão e interpretação de textos
8df3786f-6f6a-4b1f-8aff-fb0565e8d755,1,5,0021de29-acad-4542-9473-8b60d11a7782,Língua Portuguesa,,Língua Portuguesa,Pronomes
8df3786f-6f6a-4b1f-8aff-fb0565e8d755,1,6,c399fcad-7d1f-4b2d-b3d7-109161d18353,Língua Portuguesa,,Língua Portuguesa,Conectivos
8df3786f-6f6a-4b1f-8aff-fb0565e8d755,1,7,64856013-b377-4ea3-b408-f663f1214869,Língua Portuguesa,,Língua Portuguesa,Pontuação
8df3786f-6f6a-4b1f-8aff-fb0565e8d755,1,8,0dede175-0ffa-4a8a-b045-50cf5d293ba2,Língua Portuguesa,,Língua Portuguesa,Compreensão e interpretação de textos
8df3786f-6f6a-4b1f-8aff-fb0565e8d755,1,9,4168eb05-6373-47b6-9a77-70fa84ac2347,Língua Portuguesa,,Língua Portuguesa,Pronomes
8df3786f-6f6a-4b1f-8aff-fb0565e8d755,1,10,852e7956-19b6-4bbf-82d6-2c02adfd6772,Língua Portuguesa,,Língua Portuguesa,Conectivos
8dfb3965-ffff-4826-9f95-5231421d957a,1,1,edb450ef-aab2-4ebc-b4a0-4216724c988a,Língua Portuguesa,,Língua Portuguesa,Compreensão e interpretação de textos
8dfb3965-ffff-4826-9f95-5231421d957a,1,2,9c1c1a99-9052-49da-a500-8843147e2812,Língua Portuguesa,,Língua Portuguesa,Compreensão e interpretação de textos
8dfb3965-ffff-4826-9f95-5231421d957a,1,3,e9240c97-3113-4d0a-b6fd-da372f972253,Língua Portuguesa,,Língua Portuguesa,Compreensão e interpretação de textos
8dfb3965-ffff-4826-9f95-5231421d957a,1,4,d7aa927e-fea1-4838-88ce-a7acba277d23,Língua Portuguesa,,Língua Portuguesa,Tempos e modos verbais
8dfb3965-ffff-4826-9f95-5231421d957a,1,5,3609e62f-171d-4280-9dad-427dad803b21,Língua Portuguesa,,Língua Portuguesa,Compreensão e interpretação de textos
8dfb3965-ffff-4826-9f95-5231421d957a,1,6,a398adeb-b150-4399-a1fc-3583e85ac554,Língua Portuguesa,,Língua Portuguesa,Sinonímia e antonímia
8dfb3965-ffff-4826-9f95-5231421d957a,1,7,313b63fd-dbaa-4077-94e6-adf42e227d69,Língua Portuguesa,,Língua Portuguesa,Morfossintaxe
8dfb3965-ffff-4826-9f95-5231421d957a,1,8,02c2a318-d821-44e5-92e5-c4b56b8c213b,Língua Portuguesa,,Língua Portuguesa,Concordância nominal e verbal
8dfb3965-ffff-4826-9f95-5231421d957a,1,9,2ac6691c-d7fd-406e-86a4-1022b7d83b1c,Língua Portuguesa,,Língua Portuguesa,Compreensão e interpretação de textos
8dfb3965-ffff-4826-9f95-5231421d957a,1,10,dc63be7b-b4de-4d0c-8e84-bc96286e09cd,Língua Portuguesa,,Língua Portuguesa,Compreensão e interpretação de textos
8dfb3965-ffff-4826-9f95-5231421d957a,1,11,0c623a56-b3fc-4241-8442-a7c42da7ef08,Língua Portuguesa,,Língua Portuguesa,Pontuação
8dfb3965-ffff-4826-9f95-5231421d957a,1,12,46fbc88f-830b-4937-8e8d-f8aaa588e6c4,Língua Portuguesa,,Língua Portuguesa,Vozes do verbo
8dfb3965-ffff-4826-9f95-5231421d957a,1,13,e9f076f7-7365-4bf5-9d3d-c80f6d5607dc,Língua Portuguesa,,Língua Portuguesa,Compreensão e interpretação de textos
8dfb3965-ffff-4826-9f95-5231421d957a,1,14,b4358770-5b22-4193-8a0e-2e78578667e9,Língua Portuguesa,,Língua Portuguesa,Sinonímia e antonímia
8dfb3965-ffff-4826-9f95-5231421d957a,1,15,864e17fa-9194-47af-8638-6e600026081f,Língua Portuguesa,,Língua Portuguesa,Figuras de linguagem
8dfb3965-ffff-4826-9f95-5231421d957a,1,16,ebd57983-4c48-45a3-a852-cdf424c1ba9c,Língua Portuguesa,,Língua Portuguesa,Reescrita de frases
9f665c06-bb3f-4834-93e7-154468be1ff0,1,1,8d41710f-ef8c-44fe-a73c-5ee8bef03e2b,Língua Portuguesa,,Língua Portuguesa,Compreensão e interpretação de textos
9f665c06-bb3f-4834-93e7-154468be1ff0,1,2,60bcbfd9-3ae3-4df4-9ebb-51453f219e80,Língua Portuguesa,,Língua Portuguesa,Compreensão e interpretação de textos
9f665c06-bb3f-4834-93e7-154468be1ff0,1,3,38a3d0f5-2f14-43e1-908a-e7102ad8daea,Língua Portuguesa,,Língua Portuguesa,Compreensão e interpretação de textos
9f665c06-bb3f-4834-93e7-154468be1ff0,1,4,a2b71c3b-6088-476c-8544-d1ae83ef113f,Língua Portuguesa,,Língua Portuguesa,Crase
9f665c06-bb3f-4834-93e7-154468be1ff0,1,5,4cbd4c2a-f152-4914-8da0-3c96cb09c6be,Língua Portuguesa,,Língua Portuguesa,Regência nominal e verbal
9f665c06-bb3f-4834-93e7-154468be1ff0,1,6,ac2e4949-87ec-4237-865c-9a4fccc33a00,Língua Portuguesa,,Língua Portuguesa,Conectivos
9f665c06-bb3f-4834-93e7-154468be1ff0,1,7,fa675fd3-946d-43de-a0b0-560179fffe23,Língua Portuguesa,,Língua Portuguesa,Pronomes
9f665c06-bb3f-4834-93e7-154468be1ff0,1,8,1e4f8de7-1198-4fc8-96b1-4491d71b4495,Língua Portuguesa,,Língua Portuguesa,Reescrita de frases
9f665c06-bb3f-4834-93e7-154468be1ff0,1,9,38110410-8b8b-4d86-b769-fba54accf4af,Língua Portuguesa,,Língua Portuguesa,Compreensão e interpretação de textos
9f665c06-bb3f-4834-93e7-154468be1ff0,1,10,6ff4e878-4c40-4c8c-b4b6-58cc8612b3c6,Língua Portuguesa,,Língua Portuguesa,Morfossintaxe
9f665c06-bb3f-4834-93e7-154468be1ff0,1,11,1bbfec07-773a-4768-964a-6c37fae56bd0,Língua Portuguesa,,Língua Portuguesa,Discurso direto e indireto
9f665c06-bb3f-4834-93e7-154468be1ff0,1,12,93971696-21df-46e1-97bf-172051c37c37,Língua Portuguesa,,Língua Portuguesa,Compreensão e interpretação de textos
9f665c06-bb3f-4834-93e7-154468be1ff0,1,13,fe47455b-7110-434a-b205-10ef7903a26f,Língua Portuguesa,,Língua Portuguesa,Tempos e modos verbais
9f665c06-bb3f-4834-93e7-154468be1ff0,1,14,ae9cc9cd-8069-43aa-9ec2-fae2beac196f,Língua Portuguesa,,Língua Portuguesa,Pronomes
9f665c06-bb3f-4834-93e7-154468be1ff0,1,15,23828525-769c-4b04-aa93-658a9d40a2f0,Língua Portuguesa,,Língua Portuguesa,Regência nominal e verbal
9f665c06-bb3f-4834-93e7-154468be1ff0,1,16,4b449fb0-e4cf-476a-ae87-2e1a0bc8ab61,Língua Portuguesa,,Língua Portuguesa,Conectivos
9f665c06-bb3f-4834-93e7-154468be1ff0,1,17,b20fd70f-ab4f-4c08-96a1-9c31c1001e8d,Língua Portuguesa,,Língua Portuguesa,Compreensão e interpretação de textos
9f665c06-bb3f-4834-93e7-154468be1ff0,1,18,5e6de2ea-8971-4441-8ea6-081cf6cd8963,Língua Portuguesa,,Língua Portuguesa,Compreensão e interpretação de textos
9f665c06-bb3f-4834-93e7-154468be1ff0,1,19,c0d2d671-0ca8-4679-a4a4-28364c8e396c,Língua Portuguesa,,Língua Portuguesa,Compreensão e interpretação de textos
9f665c06-bb3f-4834-93e7-154468be1ff0,1,20,eab43a2e-aeb0-47bf-9053-a2d4b7259f70,Língua Portuguesa,,Língua Portuguesa,Compreensão e interpretação de textos
ae5a89fb-0703-44aa-9502-bfecdd3f0f41,2,1,864f5cb6-2054-4b00-8d4b-b6d6fbbc96c5,Língua Portuguesa,,Língua Portuguesa,Compreensão e interpretação de textos
ae5a89fb-0703-44aa-9502-bfecdd3f0f41,2,2,2d474234-194d-48a1-87f4-ad10f0c4d307,Língua Portuguesa,,Língua Portuguesa,Figuras de linguagem
ae5a89fb-0703-44aa-9502-bfecdd3f0f41,2,3,a6d074e1-35d2-4ffc-abdb-4ba4f2f7ed32,Língua Portuguesa,,Língua Portuguesa,Compreensão e interpretação de textos
ae5a89fb-0703-44aa-9502-bfecdd3f0f41,2,4,d2b4e707-0e89-4c89-b9ce-9cc0595acef1,Língua Portuguesa,,Língua Portuguesa,Conectivos
ae5a89fb-0703-44aa-9502-bfecdd3f0f41,2,5,3936dc85-7bce-41e0-acfb-b2cdc8925935,Língua Portuguesa,,Língua Portuguesa,Tempos e modos verbais
ae5a89fb-0703-44aa-9502-bfecdd3f0f41,2,6,8cfe2284-f531-42cc-ac0e-34ecdbecc7d0,Língua Portuguesa,,Língua Portuguesa,Compreensão e interpretação de textos
ae5a89fb-0703-44aa-9502-bfecdd3f0f41,2,7,127c5b37-2ddd-4dd0-9d45-6c8757006115,Língua Portuguesa,,Língua Portuguesa,Sinonímia e antonímia
ae5a89fb-0703-44aa-9502-bfecdd3f0f41,2,8,79733743-64d4-4663-ad4b-827ca46312ec,Língua Portuguesa,,Língua Portuguesa,Morfossintaxe
ae5a89fb-0703-44aa-9502-bfecdd3f0f41,2,9,b52c8d4e-7d0d-4e7f-a922-2af989abb737,Língua Portuguesa,,Língua Portuguesa,Conectivos
ae5a89fb-0703-44aa-9502-bfecdd3f0f41,2,10,e4ce801d-5f49-4dd3-a56a-4b2233f413cb,Língua Portuguesa,,Língua Portuguesa,Compreensão e interpretação de textos
b367655f-b76f-4568-b537-9aebd09723b3,1,1,d72e931b-5573-40a0-9adf-d9c2cd1746fc,Língua Portuguesa,,Língua Portuguesa,Compreensão e interpretação de textos
b367655f-b76f-4568-b537-9aebd09723b3,1,2,9ebc4fcf-0e85-4e37-b6bd-d57ba8dd1341,Língua Portuguesa,,Língua Portuguesa,Compreensão e interpretação de textos
b367655f-b76f-4568-b537-9aebd09723b3,1,3,225af253-fd3b-4ec8-91ba-82463dc8f413,Língua Portuguesa,,Língua Portuguesa,Tempos e modos verbais
b367655f-b76f-4568-b537-9aebd09723b3,1,4,8afb1031-2214-4d7b-8889-4355e8763ee5,Língua Portuguesa,,Língua Portuguesa,Compreensão e interpretação de textos
b367655f-b76f-4568-b537-9aebd09723b3,1,5,98fc90e7-8722-4d0e-aaab-3fd313d63618,Língua Portuguesa,,Língua Portuguesa,Sinonímia e antonímia
b367655f-b76f-4568-b537-9aebd09723b3,1,6,f0169341-7bde-45f0-8b50-8842be5cb130,Língua Portuguesa,,Língua Portuguesa,Morfossintaxe
b367655f-b76f-4568-b537-9aebd09723b3,1,7,5d3bf3de-5ee8-4264-80f5-b91c113e9822,Língua Portuguesa,,Língua Portuguesa,Concordância nominal e verbal
b367655f-b76f-4568-b537-9aebd09723b3,1,8,de3e9392-dc16-4ae0-a1d0-292eb78f96d4,Língua Portuguesa,,Língua Portuguesa,Compreensão e interpretação de textos
b367655f-b76f-4568-b537-9aebd09723b3,1,9,2d753b67-f89a-411c-b385-2b05fe62772e,Língua Portuguesa,,Língua Portuguesa,Compreensão e interpretação de textos
b367655f-b76f-4568-b537-9aebd09723b3,1,10,a22193b3-4979-4345-b527-e71a98e16f3d,Língua Portuguesa,,Língua Portuguesa,Compreensão e interpretação de textos
b367655f-b76f-4568-b537-9aebd09723b3,1,11,73a57d0e-e2cb-4b80-91e3-46baae3307da,Língua Portuguesa,,Língua Portuguesa,Vozes do verbo
b367655f-b76f-4568-b537-9aebd09723b3,1,12,18ac0e3e-631f-4ea4-b954-10e5541a4767,Língua Portuguesa,,Língua Portuguesa,Compreensão e interpretação de textos
b367655f-b76f-4568-b537-9aebd09723b3,1,13,98ff572f-6237-4084-938a-8e50796cc30a,Língua Portuguesa,,Língua Portuguesa,Sinonímia e antonímia
b367655f-b76f-4568-b537-9aebd09723b3,1,14,41690276-53eb-47db-a262-89d2ffbf1c3f,Língua Portuguesa,,Língua Portuguesa,Figuras de linguagem
b367655f-b76f-4568-b537-9aebd09723b3,1,15,d38138cf-085f-4653-ad0d-cb62c519340c,Língua Portuguesa,,Língua Portuguesa,Pontuação
b367655f-b76f-4568-b537-9aebd09723b3,1,16,b8f9fbbe-03b3-48c9-8c7f-46bf6ddf2f26,Língua Portuguesa,,Língua Portuguesa,Reescrita de frases
c2ea228f-385b-4bb1-a1ea-4f7f31b18063,1,1,002769ff-e7b2-4440-82a9-549118459d08,Língua Portuguesa,,Língua Portuguesa,Compreensão e interpretação de textos
c2ea228f-385b-4bb1-a1ea-4f7f31b18063,1,2,7033bbf7-eed1-424b-9546-5d187e7d0f97,Língua Portuguesa,,Língua Portuguesa,Compreensão e interpretação de textos
c2ea228f-385b-4bb1-a1ea-4f7f31b18063,1,3,9a7627b8-8394-47c5-95ab-ea7af0566671,Língua Portuguesa,,Língua Portuguesa,Compreensão e interpretação de textos
c2ea228f-385b-4bb1-a1ea-4f7f31b18063,1,4,13562329-9e09-45ac-bc80-b93abb1d1098,Língua Portuguesa,,Língua Portuguesa,Sinonímia e antonímia
c2ea228f-385b-4bb1-a1ea-4f7f31b18063,1,5,7a4dae8d-bea5-4535-927b-866d2994ca79,Língua Portuguesa,,Língua Portuguesa,Concordância nominal e verbal
c2ea228f-385b-4bb1-a1ea-4f7f31b18063,1,6,f7c3ef3e-94b5-431f-a7ab-416d4467f715,Língua Portuguesa,,Língua Portuguesa,Reescrita de frases
c2ea228f-385b-4bb1-a1ea-4f7f31b18063,1,7,2cee8bc3-393c-4790-a730-94bd25803832,Língua Portuguesa,,Língua Portuguesa,Vozes do verbo
c2ea228f-385b-4bb1-a1ea-4f7f31b18063,1,8,d45a4e25-71db-4ae3-9fa4-70f83f9848ca,Língua Portuguesa,,Língua Portuguesa,Tempos e modos verbais
c2ea228f-385b-4bb1-a1ea-4f7f31b18063,1,9,7cfffae6-7fbb-4442-ac03-6915741f01fc,Língua Portuguesa,,Língua Portuguesa,Compreensão e interpretação de textos
c2ea228f-385b-4bb1-a1ea-4f7f31b18063,1,10,68f13c33-7d7a-4004-bad7-451440745e07,Língua Portuguesa,,Língua Portuguesa,Sinonímia e antonímia
c2ea228f-385b-4bb1-a1ea-4f7f31b18063,1,11,b0ebb230-3f84-4000-82b4-d6c23ef8deb4,Língua Portuguesa,,Língua Portuguesa,Morfossintaxe
c2ea228f-385b-4bb1-a1ea-4f7f31b18063,1,12,60ba1ca7-a928-43f9-b1f3-0ba06cad4669,Língua Portuguesa,,Língua Portuguesa,Sinonímia e antonímia
c2ea228f-385b-4bb1-a1ea-4f7f31b18063,1,13,0f541e6a-bc5d-49d2-b6d5-51bbc96c45e5,Língua Portuguesa,,Língua Portuguesa,Pontuação
c2ea228f-385b-4bb1-a1ea-4f7f31b18063,1,14,3c963fa0-0e6f-4757-8c8d-4776978ffbed,Língua Portuguesa,,Língua Portuguesa,Figuras de linguagem
c2ea228f-385b-4bb1-a1ea-4f7f31b18063,1,15,19852d0c-c239-4ec5-ac7c-2adff07c083f,Língua Portuguesa,,Língua Portuguesa,Reescrita de frases
cfb1ca6d-740c-48dc-a373-b8119e3eaada,1,1,6f16310c-80b3-4a6b-bb49-f7202efd0d80,Língua Portuguesa,,Língua Portuguesa,Compreensão e interpretação de textos
cfb1ca6d-740c-48dc-a373-b8119e3eaada,1,2,9846e89f-8bfa-4119-9f2f-f1c9f3475101,Língua Portuguesa,,Língua Portuguesa,Compreensão e interpretação de textos
cfb1ca6d-740c-48dc-a373-b8119e3eaada,1,3,46d8bc94-50ca-42dd-86ce-c77542c5f3ae,Língua Portuguesa,,Língua Portuguesa,Compreensão e interpretação de textos
cfb1ca6d-740c-48dc-a373-b8119e3eaada,1,4,fd12f013-10f2-48ae-aa07-1cbe7d7b171b,Língua Portuguesa,,Língua Portuguesa,Sinonímia e antonímia
cfb1ca6d-740c-48dc-a373-b8119e3eaada,1,5,8a2654e8-de1d-4aab-b179-f5d0458fa23a,Língua Portuguesa,,Língua Portuguesa,Morfossintaxe
cfb1ca6d-740c-48dc-a373-b8119e3eaada,1,6,5c3403f2-7557-4f71-8f59-8ef6ac88b5d3,Língua Portuguesa,,Língua Portuguesa,Concordância nominal e verbal
cfb1ca6d-740c-48dc-a373-b8119e3eaada,1,7,ed368aaa-71dd-4c86-8c2d-0ec74cf5c0fc,Língua Portuguesa,,Língua Portuguesa,Compreensão e interpretação de textos
cfb1ca6d-740c-48dc-a373-b8119e3eaada,1,8,c1ec71dc-e357-4712-aa0c-0adcf3eb4faa,Língua Portuguesa,,Língua Portuguesa,Tempos e modos verbais
cfb1ca6d-740c-48dc-a373-b8119e3eaada,1,9,1d4967d2-540a-4173-8f56-5eb54cf4c05a,Língua Portuguesa,,Língua Portuguesa,Compreensão e interpretação de textos
cfb1ca6d-740c-48dc-a373-b8119e3eaada,1,10,90edd4d0-dc53-40c7-8e01-0112b27e1a8b,Língua Portuguesa,,Língua Portuguesa,Compreensão e interpretação de textos
cfb1ca6d-740c-48dc-a373-b8119e3eaada,1,11,15902098-d302-41c3-bc82-d5cb6928236e,Língua Portuguesa,,Língua Portuguesa,Compreensão e interpretação de textos
cfb1ca6d-740c-48dc-a373-b8119e3eaada,1,12,2e0a11ef-213f-4749-85b7-09c80e344541,Língua Portuguesa,,Língua Portuguesa,Sinonímia e antonímia
cfb1ca6d-740c-48dc-a373-b8119e3eaada,1,13,4b6a7740-3ed4-486f-a5f2-e778cc29f028,Língua Portuguesa,,Língua Portuguesa,Figuras de linguagem
cfb1ca6d-740c-48dc-a373-b8119e3eaada,1,14,f968200c-7c0e-4431-b8cf-a421171835ee,Língua Portuguesa,,Língua Portuguesa,Pontuação
cfb1ca6d-740c-48dc-a373-b8119e3eaada,1,15,61143f07-689b-40fb-afb4-066dc44d78f0,Língua Portuguesa,,Língua Portuguesa,Vozes do verbo
cfb1ca6d-740c-48dc-a373-b8119e3eaada,1,16,8cba41db-ab6a-4c91-9998-24523f24d5af,Língua Portuguesa,,Língua Portuguesa,Reescrita de frases
d3502a6e-696d-4269-9dfe-fba4a4b74124,3,1,b9953633-ce3c-47f8-aa7f-4a1c766ff554,Língua Portuguesa,,Língua Portuguesa,Compreensão e interpretação de textos
d3502a6e-696d-4269-9dfe-fba4a4b74124,3,2,482243a7-68e1-412e-a60b-933ac5c20ef9,Língua Portuguesa,,Língua Portuguesa,Conectivos
d3502a6e-696d-4269-9dfe-fba4a4b74124,3,3,938d0df2-8db1-497f-a47f-237592bf2bce,Língua Portuguesa,,Língua Portuguesa,Conectivos
d3502a6e-696d-4269-9dfe-fba4a4b74124,3,4,c2734d95-61a2-4084-9d1c-8aea2939da8c,Língua Portuguesa,,Língua Portuguesa,Pontuação
d3502a6e-696d-4269-9dfe-fba4a4b74124,3,5,813b5ce8-c780-47c4-a893-a5e845eca165,Língua Portuguesa,,Língua Portuguesa,Concordância nominal e verbal
d3502a6e-696d-4269-9dfe-fba4a4b74124,3,6,a563dcc1-da3c-4703-bf9f-2e35271457c3,Língua Portuguesa,,Língua Portuguesa,Vozes do verbo
d3502a6e-696d-4269-9dfe-fba4a4b74124,3,7,f4482212-5b66-45c9-b128-d871e3aef667,Língua Portuguesa,,Língua Portuguesa,Figuras de linguagem
d3502a6e-696d-4269-9dfe-fba4a4b74124,3,8,683dea45-c666-4023-a6d2-5d48ef438f9e,Língua Portuguesa,,Língua Portuguesa,Sinonímia e antonímia
d3502a6e-696d-4269-9dfe-fba4a4b74124,3,9,d823c24b-fb2a-42e0-8f87-d273d20992bd,Língua Portuguesa,,Língua Portuguesa,Pontuação
d3502a6e-696d-4269-9dfe-fba4a4b74124,3,10,8a3402a1-c58f-4828-87ad-63330de43e34,Língua Portuguesa,,Língua Portuguesa,Reescrita de frases
d3f75cb5-4951-479c-ada2-acfa0d6651cd,1,1,72a50d64-18dc-4c6b-8579-e3447e784dd3,Língua Portuguesa,,Língua Portuguesa,Pontuação
d3f75cb5-4951-479c-ada2-acfa0d6651cd,1,2,ce750a0f-c70f-43bb-bc04-c36c1de350da,Língua Portuguesa,,Língua Portuguesa,Compreensão e interpretação de textos
d3f75cb5-4951-479c-ada2-acfa0d6651cd,1,3,748bcc67-c39c-4a4d-9fd1-259bf4ad910a,Língua Portuguesa,,Língua Portuguesa,Conectivos
d3f75cb5-4951-479c-ada2-acfa0d6651cd,1,4,dbbd7a89-cb71-4914-a50a-0e42beca2fe8,Língua Portuguesa,,Língua Portuguesa,Concordância nominal e verbal
d3f75cb5-4951-479c-ada2-acfa0d6651cd,1,5,93c92571-3202-4e07-af6e-db310a8d03d9,Língua Portuguesa,,Língua Portuguesa,Vozes do verbo
d3f75cb5-4951-479c-ada2-acfa0d6651cd,1,6,408d42c2-fd72-4bd3-a188-0464831a99c1,Língua Portuguesa,,Língua Portuguesa,Reescrita de frases
d3f75cb5-4951-479c-ada2-acfa0d6651cd,1,7,d1cb29b5-1127-4120-a74a-1cfa2b021085,Língua Portuguesa,,Língua Portuguesa,Formação de palavras
d3f75cb5-4951-479c-ada2-acfa0d6651cd,1,8,f1d41f76-77ac-41c1-a975-599ec32405d9,Língua Portuguesa,,Língua Portuguesa,Pronomes
d3f75cb5-4951-479c-ada2-acfa0d6651cd,1,9,8fbbc486-8573-4f96-b7c7-639bab28bb14,Língua Portuguesa,,Língua Portuguesa,Morfossintaxe
d3f75cb5-4951-479c-ada2-acfa0d6651cd,1,10,805b7c71-84a5-4070-ae92-b435f1cf50fc,Língua Portuguesa,,Língua Portuguesa,Pronomes
f831d9bf-3ea6-4c22-9cdf-1374e6d53904,1,1,17fc94ec-bbb7-4ec5-9cb4-d33d92e09f7f,Língua Portuguesa,,Língua Portuguesa,Vozes do verbo
f831d9bf-3ea6-4c22-9cdf-1374e6d53904,1,2,7fd57e32-71ab-4bd9-b982-0292d2e9b712,Língua Portuguesa,,Língua Portuguesa,Conectivos
f831d9bf-3ea6-4c22-9cdf-1374e6d53904,1,3,1faf89dc-46ae-4ca4-984f-21c6d31accc1,Língua Portuguesa,,Língua Portuguesa,Compreensão e interpretação de textos
f831d9bf-3ea6-4c22-9cdf-1374e6d53904,1,4,6a950fcb-87ae-46a7-872e-53bedeef33d1,Língua Portuguesa,,Língua Portuguesa,Compreensão e interpretação de textos
f831d9bf-3ea6-4c22-9cdf-1374e6d53904,1,5,bccb8745-d9c5-4b16-aca9-4b6779a60ad5,Língua Portuguesa,,Língua Portuguesa,Reescrita de frases
f831d9bf-3ea6-4c22-9cdf-1374e6d53904,1,6,8d31915e-0772-4913-b614-663198a57084,Língua Portuguesa,,Língua Portuguesa,Regência nominal e verbal
f831d9bf-3ea6-4c22-9cdf-1374e6d53904,1,7,f0b65c58-c927-42c5-841e-206240339be6,Língua Portuguesa,,Língua Portuguesa,Compreensão e interpretação de textos
f831d9bf-3ea6-4c22-9cdf-1374e6d53904,1,8,044f3703-9240-44d6-8dcc-604276b1d4b6,Língua Portuguesa,,Língua Portuguesa,Morfossintaxe
f831d9bf-3ea6-4c22-9cdf-1374e6d53904,1,9,8786a850-c1fe-4e7d-91ea-efe9663bad86,Língua Portuguesa,,Língua Portuguesa,Conectivos
f831d9bf-3ea6-4c22-9cdf-1374e6d53904,1,10,bfe19a7f-68c7-4522-bded-6399fef0355a,Língua Portuguesa,,Língua Portuguesa,Sinonímia e antonímia
f831d9bf-3ea6-4c22-9cdf-1374e6d53904,1,11,268d4c6f-5f26-4075-9ec8-1195898f1beb,Língua Portuguesa,,Língua Portuguesa,Pronomes
f831d9bf-3ea6-4c22-9cdf-1374e6d53904,1,12,cdfbd7d6-5c39-48e9-a044-597a4b696bce,Língua Portuguesa,,Língua Portuguesa,Pronomes
f831d9bf-3ea6-4c22-9cdf-1374e6d53904,1,13,847c6ce4-9cc0-40df-bf53-37db53747bdc,Língua Portuguesa,,Língua Portuguesa,Denotação e conotação
f831d9bf-3ea6-4c22-9cdf-1374e6d53904,1,14,4a27519f-368d-4192-a336-ae3192c8185f,Língua Portuguesa,,Língua Portuguesa,Compreensão e interpretação de textos
f831d9bf-3ea6-4c22-9cdf-1374e6d53904,1,15,09000854-7763-4024-a9f5-874c7b9db712,Língua Portuguesa,,Língua Portuguesa,Figuras de linguagem
d3f75cb5-4951-479c-ada2-acfa0d6651cd,1,11,c78fdbed-618c-4e05-a05e-a44bf8ed54d8,Matemática e Raciocínio Lógico,,Matemática e Raciocínio Lógico,Números e operações
d3f75cb5-4951-479c-ada2-acfa0d6651cd,1,12,2f7a0417-270d-43ab-bce0-bf3a8b161297,Matemática e Raciocínio Lógico,,Matemática e Raciocínio Lógico,"Razão, proporção e porcentagem"
d3f75cb5-4951-479c-ada2-acfa0d6651cd,1,13,1784a3c4-0888-4d22-a354-0a1445293e1f,Matemática e Raciocínio Lógico,,Matemática e Raciocínio Lógico,Números e operações
d3f75cb5-4951-479c-ada2-acfa0d6651cd,1,14,7e9c6cfe-a2bf-4275-9ba6-d3042442c07e,Matemática e Raciocínio Lógico,,Matemática e Raciocínio Lógico,Equações e problemas
d3f75cb5-4951-479c-ada2-acfa0d6651cd,1,15,604c4dee-338c-4a85-9ec5-c2a081b92de4,Matemática e Raciocínio Lógico,,Matemática e Raciocínio Lógico,Equações e problemas
33611af7-9fe4-426a-a055-8084a29e62be,1,10,0a1c162e-ed9d-4f6b-8ac4-dbb4b9f18dee,Matemática e Racocínio Lógico,,Matemática e Raciocínio Lógico,Estatística e gráficos
33611af7-9fe4-426a-a055-8084a29e62be,1,11,0bdb8c54-33c6-4b21-8b61-f70f7b6af893,Matemática e Racocínio Lógico,,Matemática e Raciocínio Lógico,"Razão, proporção e porcentagem"
33611af7-9fe4-426a-a055-8084a29e62be,1,12,bdcf06c2-d762-4310-9584-b32e8b478098,Matemática e Racocínio Lógico,,Matemática e Raciocínio Lógico,Progressões aritméticas e geométricas
33611af7-9fe4-426a-a055-8084a29e62be,1,13,1db91fa9-baae-4c6c-b8ef-5afa6e042e25,Matemática e Racocínio Lógico,,Matemática e Raciocínio Lógico,Equações e problemas
9f665c06-bb3f-4834-93e7-154468be1ff0,1,29,2b4e6120-2b08-47ef-bb07-16cbd47b7974,Noções de Administração Financeira e Orçamentária,,Administração Financeira e Orçamentária,Receitas e despesas públicas
9f665c06-bb3f-4834-93e7-154468be1ff0,1,30,f8df364b-410a-4423-8f3c-7b329fc02ee6,Noções de Administração Financeira e Orçamentária,,Administração Financeira e Orçamentária,Orçamento público e princípios orçamentários
9f665c06-bb3f-4834-93e7-154468be1ff0,1,31,44f555fa-384f-4610-aaf0-52cb4d391cfd,Noções de Administração Financeira e Orçamentária,,Administração Financeira e Orçamentária,Orçamento público e princípios orçamentários
9f665c06-bb3f-4834-93e7-154468be1ff0,1,32,5110814b-b3ff-4be8-bbc9-1b16aecd1521,Noções de Administração Financeira e Orçamentária,,Administração Financeira e Orçamentária,Receitas e despesas públicas
ae5a89fb-0703-44aa-9502-bfecdd3f0f41,2,16,b6550e5a-5da1-41e8-94b9-7cb310d889c4,Noções de Administração Pública e Legislação,,Administração Pública,Estruturas organizacionais
ae5a89fb-0703-44aa-9502-bfecdd3f0f41,2,17,3fdf2ee1-f742-4716-be10-f010e3883419,Noções de Administração Pública e Legislação,,Direito Administrativo,Servidores públicos federais (Lei 8.112/1990)
ae5a89fb-0703-44aa-9502-bfecdd3f0f41,2,18,52a0fd3c-edce-4545-bb38-a60fd6ab7f7f,Noções de Administração Pública e Legislação,,Direito Administrativo,Improbidade administrativa
d3502a6e-696d-4269-9dfe-fba4a4b74124,3,16,cd869616-d43f-4045-9c43-09105ebdf04f,Noções de Administração Pública e Legislação,,Administração Pública,Estruturas organizacionais
d3502a6e-696d-4269-9dfe-fba4a4b74124,3,17,c5b7ecf5-cc2d-4200-ab88-bb497e99c435,Noções de Administração Pública e Legislação,,Direito Administrativo,Servidores públicos federais (Lei 8.112/1990)
d3502a6e-696d-4269-9dfe-fba4a4b74124,3,18,bebf4e82-3d01-47f2-81dc-353c4412f49d,Noções de Administração Pública e Legislação,,Administração Pública,Atendimento ao usuário de serviços públicos
9f665c06-bb3f-4834-93e7-154468be1ff0,1,25,1827abf6-bf3b-497c-8cce-0a2122ab07d7,Noções de Direito Administrativo,,Direito Administrativo,Processo administrativo disciplinar
9f665c06-bb3f-4834-93e7-154468be1ff0,1,26,507ea787-07f1-4334-925c-7dbdc661ef5c,Noções de Direito Administrativo,,Direito Administrativo,Licitações e contratos (Lei 14.133/2021)
9f665c06-bb3f-4834-93e7-154468be1ff0,1,27,29a1d527-9e18-4b29-9b09-ea321aff794f,Noções de Direito Administrativo,,Direito Administrativo,Licitações e contratos (Lei 14.133/2021)
9f665c06-bb3f-4834-93e7-154468be1ff0,1,28,24e42139-8d15-432e-853f-072bce3882bf,Noções de Direito Administrativo,,Legislação Aplicada à TI,LGPD
c2ea228f-385b-4bb1-a1ea-4f7f31b18063,1,16,aef8a047-c39e-4b48-ad6b-79a4ec5c1d31,Noções de Direito Administrativo,,Direito Administrativo,Improbidade administrativa
c2ea228f-385b-4bb1-a1ea-4f7f31b18063,1,17,48602118-1837-4c18-bdbb-d90958e30539,Noções de Direito Administrativo,,Direito Administrativo,Servidores públicos federais (Lei 8.112/1990)
c2ea228f-385b-4bb1-a1ea-4f7f31b18063,1,18,05491bac-f7f9-4a9d-b612-709debd5fa88,Noções de Direito Administrativo,,Direito Administrativo,Processo administrativo (Lei 9.784/1999)
c2ea228f-385b-4bb1-a1ea-4f7f31b18063,1,19,bb320e00-c500-45e2-97b5-dcc251f84e96,Noções de Direito Administrativo,,Direito Administrativo,Atos administrativos
c2ea228f-385b-4bb1-a1ea-4f7f31b18063,1,20,817bcf1b-4309-4c73-a307-781f5fdea9d7,Noções de Direito Administrativo,,Direito Administrativo,Licitações e contratos (Lei 14.133/2021)
9f665c06-bb3f-4834-93e7-154468be1ff0,1,21,3ed990ca-8b35-464b-82e3-f38938f95c49,Noções de Direito Constitucional,,Direito Constitucional,Organização do Estado e competências constitucionais
9f665c06-bb3f-4834-93e7-154468be1ff0,1,22,1921cb2a-62f6-4337-86d2-94b6dab6fc89,Noções de Direito Constitucional,,Direito Constitucional,Direitos e garantias fundamentais
9f665c06-bb3f-4834-93e7-154468be1ff0,1,23,df189936-ed33-4838-a731-805eb3e46ff2,Noções de Direito Constitucional,,Direito Constitucional,Processo legislativo
9f665c06-bb3f-4834-93e7-154468be1ff0,1,24,c18a29e8-e5d5-4f31-ae53-a05c07ad8101,Noções de Direito Constitucional,,Direito Constitucional,Processo legislativo
77b7e732-852e-4cf7-8f51-09d6df78c4bd,1,21,cde1441b-1057-4ae0-8b1d-5a110e2414ee,Noções de Legislação,,Direito Administrativo,Servidores públicos estaduais
77b7e732-852e-4cf7-8f51-09d6df78c4bd,1,22,7d71ecaa-f861-4e62-88d7-90567bdb7ecf,Noções de Legislação,,Legislação Institucional,Organização e atribuições do Ministério Público
77b7e732-852e-4cf7-8f51-09d6df78c4bd,1,23,5fd643ef-4ebf-4514-bf09-75b44ba6d1f6,Noções de Legislação,,Legislação Institucional,Organização e atribuições do Ministério Público
77b7e732-852e-4cf7-8f51-09d6df78c4bd,1,24,879f061d-51f6-4251-8d9c-bf30a42b0b6d,Noções de Legislação,,Legislação Institucional,Organização e atribuições do Ministério Público
77b7e732-852e-4cf7-8f51-09d6df78c4bd,1,25,ed4430ad-0b8c-4a2b-86a8-61e8ac7a5acb,Noções de Legislação,,Legislação Institucional,Organização e atribuições do Ministério Público
77b7e732-852e-4cf7-8f51-09d6df78c4bd,1,26,68a2f192-f0f9-4792-a2af-d3f2a4ed9a1c,Noções de Legislação,,Direito Administrativo,Servidores públicos estaduais
8dfb3965-ffff-4826-9f95-5231421d957a,1,17,b8bd285c-e98b-4849-a9f9-cb6963ac05fe,Noções de Legislação,,Legislação Institucional,Organização e atribuições do Ministério Público
8dfb3965-ffff-4826-9f95-5231421d957a,1,18,aea1899c-3ee1-433d-92b5-5f659f235311,Noções de Legislação,,Legislação Institucional,Organização e atribuições do Ministério Público
8dfb3965-ffff-4826-9f95-5231421d957a,1,25,79026944-4559-4cf2-8666-d417f35a7b3d,Noções de Legislação,,Direitos Humanos,Declaração Universal dos Direitos Humanos
8dfb3965-ffff-4826-9f95-5231421d957a,1,26,2ac23816-6474-4213-8e01-653ffed930a5,Noções de Legislação,,Direitos Humanos,"Equidade racial, de gênero e diversidade"
8dfb3965-ffff-4826-9f95-5231421d957a,1,27,588ff92f-2753-4af9-99d2-319c77d4d8e3,Noções de Legislação,,Direitos Humanos,Direitos das mulheres (CEDAW)
8dfb3965-ffff-4826-9f95-5231421d957a,1,28,f4d976ab-5901-41bc-a4c9-4a3efa38b9a3,Noções de Legislação,,Direitos Humanos,Convenção sobre os Direitos da Criança
8dfb3965-ffff-4826-9f95-5231421d957a,1,29,a22ed42e-3044-4b67-9630-8e6b7cb595b8,Noções de Legislação,,Direitos das Pessoas com Deficiência,Convenção sobre os Direitos das Pessoas com Deficiência
8dfb3965-ffff-4826-9f95-5231421d957a,1,30,75acecb3-1464-4f0f-8606-979944c8ce92,Noções de Legislação,,Direitos Humanos,"Pacto Internacional dos Direitos Econômicos, Sociais e Culturais"
b367655f-b76f-4568-b537-9aebd09723b3,1,17,bb8c8dd3-a75f-49dd-befa-0cc3909b5a74,Noções de Legislação,,Legislação Institucional,Organização e atribuições do Ministério Público
b367655f-b76f-4568-b537-9aebd09723b3,1,25,dcb4056b-0563-4c40-bae8-6d87055cac54,Noções de Legislação,,Direitos Humanos,"Equidade racial, de gênero e diversidade"
b367655f-b76f-4568-b537-9aebd09723b3,1,26,f736c51d-c1a3-4586-97b6-c8982e59ff9a,Noções de Legislação,,Direitos Humanos,Direitos das mulheres (CEDAW)
b367655f-b76f-4568-b537-9aebd09723b3,1,27,47d9d192-be81-4f21-81fa-899de029142f,Noções de Legislação,,Direitos Humanos,Convenção sobre os Direitos da Criança
b367655f-b76f-4568-b537-9aebd09723b3,1,28,2142af75-6fef-4eaf-b599-bd65c0b50a97,Noções de Legislação,,Direitos das Pessoas com Deficiência,Convenção sobre os Direitos das Pessoas com Deficiência
b367655f-b76f-4568-b537-9aebd09723b3,1,29,eb6f8e3d-6124-46bb-b4ce-d824bcbd7e47,Noções de Legislação,,Direitos Humanos,"Pacto Internacional dos Direitos Econômicos, Sociais e Culturais"
b367655f-b76f-4568-b537-9aebd09723b3,1,30,1028a40a-1224-49cd-b43b-e25dd4f50dd4,Noções de Legislação,,Direitos Humanos,Declaração Universal dos Direitos Humanos
cfb1ca6d-740c-48dc-a373-b8119e3eaada,1,17,dcde8af6-7bab-4abd-a87e-c54f517ee467,Noções de Legislação,,Legislação Institucional,Organização e atribuições do Ministério Público
cfb1ca6d-740c-48dc-a373-b8119e3eaada,1,25,a1c9ed19-8da5-4bbd-8759-0c4bfe1a76b9,Noções de Legislação,,Direitos Humanos,Direitos das mulheres (CEDAW)
cfb1ca6d-740c-48dc-a373-b8119e3eaada,1,26,c61047f2-78ae-484d-a987-868579c10c3a,Noções de Legislação,,Direitos Humanos,Convenção sobre os Direitos da Criança
cfb1ca6d-740c-48dc-a373-b8119e3eaada,1,27,aea7d6f1-1e26-4d1f-9c27-1877e8d2e574,Noções de Legislação,,Direitos das Pessoas com Deficiência,Convenção sobre os Direitos das Pessoas com Deficiência
cfb1ca6d-740c-48dc-a373-b8119e3eaada,1,28,c420b6c1-5570-4045-a17a-7751184835de,Noções de Legislação,,Direitos Humanos,"Pacto Internacional dos Direitos Econômicos, Sociais e Culturais"
cfb1ca6d-740c-48dc-a373-b8119e3eaada,1,29,d48b3ed2-b762-479b-a451-b0ee918b888e,Noções de Legislação,,Direitos Humanos,Declaração Universal dos Direitos Humanos
cfb1ca6d-740c-48dc-a373-b8119e3eaada,1,30,a31d9bf9-2984-4e34-a6a9-392c943f38e3,Noções de Legislação,,Direitos Humanos,"Equidade racial, de gênero e diversidade"
72292071-41ba-4de4-900a-a5aa4222f1f3,1,16,ba9495cc-39a7-48d5-8929-dd7798adb75b,Noções sobre Direitos das Pessoas com Deficiência,,Direitos das Pessoas com Deficiência,Estatuto da Pessoa com Deficiência (Lei 13.146/2015)
72292071-41ba-4de4-900a-a5aa4222f1f3,1,17,96fec3fe-dba2-402a-9187-b8a54617ae25,Noções sobre Direitos das Pessoas com Deficiência,,Direitos das Pessoas com Deficiência,Acessibilidade (Lei 10.098/2000)
72292071-41ba-4de4-900a-a5aa4222f1f3,1,18,696565fb-7b17-4032-a84d-2389b91d3a73,Noções sobre Direitos das Pessoas com Deficiência,,Direitos das Pessoas com Deficiência,Acessibilidade (Lei 10.098/2000)
8df3786f-6f6a-4b1f-8aff-fb0565e8d755,1,16,c22603af-9971-4ebb-9ad9-92a023e06987,Noções sobre Direitos das Pessoas com Deficiência,,Direitos das Pessoas com Deficiência,Estatuto da Pessoa com Deficiência (Lei 13.146/2015)
8df3786f-6f6a-4b1f-8aff-fb0565e8d755,1,17,08c3cb59-c91a-4360-9168-43cd5c4b1f54,Noções sobre Direitos das Pessoas com Deficiência,,Direitos das Pessoas com Deficiência,Acessibilidade (Lei 10.098/2000)
8df3786f-6f6a-4b1f-8aff-fb0565e8d755,1,18,d27d0f8b-e42e-4870-a250-37eedf3b0dbc,Noções sobre Direitos das Pessoas com Deficiência,,Direitos das Pessoas com Deficiência,Acessibilidade (Lei 10.098/2000)
8df3786f-6f6a-4b1f-8aff-fb0565e8d755,1,19,8fd8fb95-084e-415b-bd63-33f51803699f,Noções sobre Direitos das Pessoas com Deficiência,,Legislação Institucional,Código de ética de tribunais
8df3786f-6f6a-4b1f-8aff-fb0565e8d755,1,20,003e5ba1-93b7-47f7-a5ff-d43d1ef71da9,Noções sobre Direitos das Pessoas com Deficiência,,Legislação Institucional,Código de ética de tribunais
72292071-41ba-4de4-900a-a5aa4222f1f3,1,11,a110b5b8-688a-42a9-bf7a-59609c604d55,Raciocínio Lógico-Matemático,,Matemática e Raciocínio Lógico,Lógica de relações
72292071-41ba-4de4-900a-a5aa4222f1f3,1,12,b60d373a-618f-480c-bc77-67cdefa6a50e,Raciocínio Lógico-Matemático,,Matemática e Raciocínio Lógico,"Razão, proporção e porcentagem"
72292071-41ba-4de4-900a-a5aa4222f1f3,1,13,79f0bc2b-bb15-4253-bf11-1cc655c0c1e8,Raciocínio Lógico-Matemático,,Matemática e Raciocínio Lógico,"Razão, proporção e porcentagem"
72292071-41ba-4de4-900a-a5aa4222f1f3,1,14,83cc7482-d6df-495a-96d6-b30d417922c6,Raciocínio Lógico-Matemático,,Matemática e Raciocínio Lógico,Lógica de relações
72292071-41ba-4de4-900a-a5aa4222f1f3,1,15,6b36d9ac-7166-4fc2-9031-3bd61e1dcc44,Raciocínio Lógico-Matemático,,Matemática e Raciocínio Lógico,Números e operações
8df3786f-6f6a-4b1f-8aff-fb0565e8d755,1,11,3eb17e2e-325a-4f8f-beb8-672fbbf079d1,Raciocínio Lógico-Matemático,,Matemática e Raciocínio Lógico,Equações e problemas
8df3786f-6f6a-4b1f-8aff-fb0565e8d755,1,12,fc621d0f-0e1a-41be-a033-bbc1cd363921,Raciocínio Lógico-Matemático,,Matemática e Raciocínio Lógico,Estatística e gráficos
8df3786f-6f6a-4b1f-8aff-fb0565e8d755,1,13,e59f740b-d9e8-4f84-8776-fc780da9e267,Raciocínio Lógico-Matemático,,Matemática e Raciocínio Lógico,"Razão, proporção e porcentagem"
8df3786f-6f6a-4b1f-8aff-fb0565e8d755,1,14,ac89a340-0f08-4649-8868-c5f0a19f0c03,Raciocínio Lógico-Matemático,,Matemática e Raciocínio Lógico,Estatística e gráficos
8df3786f-6f6a-4b1f-8aff-fb0565e8d755,1,15,594d4340-e943-4053-9d8a-3a7a4a7b0a9c,Raciocínio Lógico-Matemático,,Matemática e Raciocínio Lógico,"Razão, proporção e porcentagem"
ae5a89fb-0703-44aa-9502-bfecdd3f0f41,2,11,62b0ca3a-6783-4f84-9608-0a105979987c,Raciocínio Lógico-Matemático,,Matemática e Raciocínio Lógico,"Razão, proporção e porcentagem"
ae5a89fb-0703-44aa-9502-bfecdd3f0f41,2,12,f2cff45d-2db7-44dc-961d-34eee8b290e9,Raciocínio Lógico-Matemático,,Matemática e Raciocínio Lógico,Equações e problemas
ae5a89fb-0703-44aa-9502-bfecdd3f0f41,2,13,4ea4ff34-ee54-4ce1-b1be-2968f8c007cc,Raciocínio Lógico-Matemático,,Matemática e Raciocínio Lógico,Números e operações
ae5a89fb-0703-44aa-9502-bfecdd3f0f41,2,14,4dcb25c6-2072-40d8-9cc9-07f2e294aaf6,Raciocínio Lógico-Matemático,,Matemática e Raciocínio Lógico,Lógica de relações
ae5a89fb-0703-44aa-9502-bfecdd3f0f41,2,15,187715ef-2627-404d-8c6b-e7feed22b4c1,Raciocínio Lógico-Matemático,,Matemática e Raciocínio Lógico,"Razão, proporção e porcentagem"
d3502a6e-696d-4269-9dfe-fba4a4b74124,3,11,bdfcac29-4311-443c-861e-b02854d79f43,Raciocínio Lógico-Matemático,,Matemática e Raciocínio Lógico,Conjuntos
d3502a6e-696d-4269-9dfe-fba4a4b74124,3,12,8999bf33-3a60-480b-982b-1a063e8e80d6,Raciocínio Lógico-Matemático,,Matemática e Raciocínio Lógico,Lógica de relações
d3502a6e-696d-4269-9dfe-fba4a4b74124,3,13,6975c579-9f08-424d-9e8a-98b0cd2c2da3,Raciocínio Lógico-Matemático,,Matemática e Raciocínio Lógico,Equações e problemas
d3502a6e-696d-4269-9dfe-fba4a4b74124,3,14,92671dd5-853f-4e2a-8641-5f90f49d8bf6,Raciocínio Lógico-Matemático,,Matemática e Raciocínio Lógico,Análise combinatória
d3502a6e-696d-4269-9dfe-fba4a4b74124,3,15,ba57577a-bd1f-4421-bb74-2f4b6558f1da,Raciocínio Lógico-Matemático,,Matemática e Raciocínio Lógico,Equações e problemas
f831d9bf-3ea6-4c22-9cdf-1374e6d53904,1,16,37532d50-9e0d-4c7f-a07c-3b26aac39e68,Raciocínio Lógico-Matemático,,Matemática e Raciocínio Lógico,Equações e problemas
f831d9bf-3ea6-4c22-9cdf-1374e6d53904,1,17,77c76964-6f6d-49ab-97e9-c1af75737c48,Raciocínio Lógico-Matemático,,Matemática e Raciocínio Lógico,"Razão, proporção e porcentagem"
f831d9bf-3ea6-4c22-9cdf-1374e6d53904,1,18,cbb07bb9-4506-4f0f-84b1-0bd8368e3d39,Raciocínio Lógico-Matemático,,Matemática e Raciocínio Lógico,Equações e problemas
f831d9bf-3ea6-4c22-9cdf-1374e6d53904,1,19,6b47e7ad-c009-4cd5-b3f5-7dbe60fb406b,Raciocínio Lógico-Matemático,,Matemática e Raciocínio Lógico,Sequências lógicas
f831d9bf-3ea6-4c22-9cdf-1374e6d53904,1,20,8d5c990d-ad4f-4fd0-a7ae-d972911804b1,Raciocínio Lógico-Matemático,,Matemática e Raciocínio Lógico,Probabilidade
33611af7-9fe4-426a-a055-8084a29e62be,1,36,2a3ac312-0296-4c68-9c77-94b8b1264732,Redes de Computadores,,Redes de Computadores,Cabeamento estruturado e Ethernet
33611af7-9fe4-426a-a055-8084a29e62be,1,37,c67fca8d-9e75-4397-af5c-b501cd0156eb,Redes de Computadores,,Redes de Computadores,Redes TCP/IP e protocolos
33611af7-9fe4-426a-a055-8084a29e62be,1,38,47c1eb64-4474-47a3-8592-5afaf6982e1a,Redes de Computadores,,Redes de Computadores,"Endereçamento IPv4, IPv6 e sub-redes"
33611af7-9fe4-426a-a055-8084a29e62be,1,41,eae52134-57a1-4fa7-965b-3c4911c0b08c,Redes de Computadores,,Redes de Computadores,Redes sem fio (Wi-Fi)
72292071-41ba-4de4-900a-a5aa4222f1f3,1,31,c24fefd8-9123-45b2-bd65-c06411cabc9c,Redes de Computadores,,Redes de Computadores,Proxy reverso e balanceamento de carga
72292071-41ba-4de4-900a-a5aa4222f1f3,1,41,84408923-6297-4d7c-8f4e-d30053d89fef,Redes de Computadores,,Redes de Computadores,"VLAN, VXLAN e comutação"
72292071-41ba-4de4-900a-a5aa4222f1f3,1,42,34964e60-7126-4c36-8bb3-d8f40aeccd3b,Redes de Computadores,,Redes de Computadores,Roteamento e alta disponibilidade
72292071-41ba-4de4-900a-a5aa4222f1f3,1,43,0b86a02c-0bfc-43bc-90cb-5406383c110d,Redes de Computadores,,Redes de Computadores,"Endereçamento IPv4, IPv6 e sub-redes"
72292071-41ba-4de4-900a-a5aa4222f1f3,1,45,409a3c89-034a-417e-b011-8f29ade4295b,Redes de Computadores,,Redes de Computadores,Redes TCP/IP e protocolos
72292071-41ba-4de4-900a-a5aa4222f1f3,1,46,29de3121-b284-4530-b851-5654cd51fe65,Redes de Computadores,,Redes de Computadores,Cabeamento estruturado e Ethernet
77b7e732-852e-4cf7-8f51-09d6df78c4bd,1,37,ea0e3beb-9cbe-47dd-a9e1-f7694100db33,Redes de Computadores,,Redes de Computadores,Diagnóstico e monitoramento de redes
77b7e732-852e-4cf7-8f51-09d6df78c4bd,1,39,f9ee1642-831e-478b-aa8d-39400bd8b7a4,Redes de Computadores,,Redes de Computadores,Diagnóstico e monitoramento de redes
77b7e732-852e-4cf7-8f51-09d6df78c4bd,1,47,bacfea67-0646-4ae2-9bf2-4c91ef89b5c2,Redes de Computadores,,Redes de Computadores,Diagnóstico e monitoramento de redes
77b7e732-852e-4cf7-8f51-09d6df78c4bd,1,48,70680cc0-dbdf-42dd-bc5d-d5f93bc86a35,Redes de Computadores,,Redes de Computadores,"Endereçamento IPv4, IPv6 e sub-redes"
77b7e732-852e-4cf7-8f51-09d6df78c4bd,1,54,cc5433e9-2539-42be-b6a8-8463a55026e8,Redes de Computadores,,Redes de Computadores,Cabeamento estruturado e Ethernet
8df3786f-6f6a-4b1f-8aff-fb0565e8d755,1,46,34ee6b62-23c7-435f-8a18-cc5cf47633be,Redes de Computadores,,Redes de Computadores,"VLAN, VXLAN e comutação"
8df3786f-6f6a-4b1f-8aff-fb0565e8d755,1,48,5c17a096-b129-4d63-9cd9-e18f549b77d4,Redes de Computadores,,Redes de Computadores,"Endereçamento IPv4, IPv6 e sub-redes"
8df3786f-6f6a-4b1f-8aff-fb0565e8d755,1,49,19d78d9d-17ea-4429-8317-6489250400ed,Redes de Computadores,,Redes de Computadores,Cabeamento estruturado e Ethernet
8df3786f-6f6a-4b1f-8aff-fb0565e8d755,1,50,5782e10d-747a-4dcb-84d0-136029846a74,Redes de Computadores,,Redes de Computadores,VPN e IPSec
8dfb3965-ffff-4826-9f95-5231421d957a,1,40,938a0f3a-9319-446a-a178-519972da2c85,Redes de Computadores,,Engenharia de Software,Arquitetura de software
8dfb3965-ffff-4826-9f95-5231421d957a,1,50,cb5fabae-62b6-4f3f-a58e-88da784a3a71,Redes de Computadores,,Redes de Computadores,Diagnóstico e monitoramento de redes
9f665c06-bb3f-4834-93e7-154468be1ff0,1,47,86409cec-8e2b-4fbe-a9ad-8795146dfe8d,Redes de Computadores,,Redes de Computadores,Segurança e segmentação de redes
9f665c06-bb3f-4834-93e7-154468be1ff0,1,70,c52e2c3a-2e85-4be7-b7b1-3f5030c3e02b,Redes de Computadores,,Redes de Computadores,Segurança e segmentação de redes
ae5a89fb-0703-44aa-9502-bfecdd3f0f41,2,35,ce17c07d-8a02-40be-9f07-bcf148381709,Redes de Computadores,,Redes de Computadores,Redes sem fio (Wi-Fi)
ae5a89fb-0703-44aa-9502-bfecdd3f0f41,2,36,6c18df61-c488-4aae-9599-4f577bc5adb2,Redes de Computadores,,Redes de Computadores,Redes TCP/IP e protocolos
ae5a89fb-0703-44aa-9502-bfecdd3f0f41,2,37,5ae60a5c-042f-4107-a959-68ed8971cb8d,Redes de Computadores,,Redes de Computadores,Redes TCP/IP e protocolos
ae5a89fb-0703-44aa-9502-bfecdd3f0f41,2,38,25e7d98e-a4d3-413e-9930-3cf923bf7331,Redes de Computadores,,Redes de Computadores,"VLAN, VXLAN e comutação"
ae5a89fb-0703-44aa-9502-bfecdd3f0f41,2,39,a6b3ce5c-9541-480f-8db9-0242c4d06c0f,Redes de Computadores,,Redes de Computadores,VPN e IPSec
ae5a89fb-0703-44aa-9502-bfecdd3f0f41,2,46,612090e7-f9c7-4067-bbb2-19ab69ed9da4,Redes de Computadores,,Redes de Computadores,"Endereçamento IPv4, IPv6 e sub-redes"
c2ea228f-385b-4bb1-a1ea-4f7f31b18063,1,33,1de18e28-63d7-463c-9869-830969639826,Redes de Computadores,,Redes de Computadores,Cabeamento estruturado e Ethernet
c2ea228f-385b-4bb1-a1ea-4f7f31b18063,1,34,db605617-d6f7-4c83-a44f-4b9c8a1f2a58,Redes de Computadores,,Redes de Computadores,Redes TCP/IP e protocolos
c2ea228f-385b-4bb1-a1ea-4f7f31b18063,1,35,c6d34d7d-bd41-4196-a6d0-88490f4b72f6,Redes de Computadores,,Redes de Computadores,Cabeamento estruturado e Ethernet
c2ea228f-385b-4bb1-a1ea-4f7f31b18063,1,36,1dc08328-fc5b-4d3b-8404-1043ee2a2f0b,Redes de Computadores,,Redes de Computadores,"Endereçamento IPv4, IPv6 e sub-redes"
c2ea228f-385b-4bb1-a1ea-4f7f31b18063,1,38,c8e1f918-5f08-4f83-bf50-bfe6d0c547ad,Redes de Computadores,,Redes de Computadores,Segurança e segmentação de redes
cfb1ca6d-740c-48dc-a373-b8119e3eaada,1,53,c9e9fa01-06a9-4a51-a5bd-60caf82cb7f3,Redes de Computadores,,Redes de Computadores,Segurança e segmentação de redes
cfb1ca6d-740c-48dc-a373-b8119e3eaada,1,56,0f437de0-92f8-4831-aee6-af46cf5970cf,Redes de Computadores,,Redes de Computadores,Segurança e segmentação de redes
cfb1ca6d-740c-48dc-a373-b8119e3eaada,1,58,751d192b-fa41-484a-b24a-85eb55c730ca,Redes de Computadores,,Redes de Computadores,"Endereçamento IPv4, IPv6 e sub-redes"
cfb1ca6d-740c-48dc-a373-b8119e3eaada,1,59,98cac435-6d4c-4878-af55-7082dd3a79f0,Redes de Computadores,,Redes de Computadores,Topologias e equipamentos de redes
cfb1ca6d-740c-48dc-a373-b8119e3eaada,1,60,f3c39723-0ea0-452b-9db5-f7ecf14be61e,Redes de Computadores,,Redes de Computadores,Cabeamento estruturado e Ethernet
cfb1ca6d-740c-48dc-a373-b8119e3eaada,1,61,f5fabbca-9fc4-48ea-8f98-ffc923888f65,Redes de Computadores,,Redes de Computadores,Redes TCP/IP e protocolos
cfb1ca6d-740c-48dc-a373-b8119e3eaada,1,64,b597bb26-bbae-4144-9672-3f3c7b5a94bc,Redes de Computadores,,Redes de Computadores,VPN e IPSec
cfb1ca6d-740c-48dc-a373-b8119e3eaada,1,67,3a01f3e3-762d-42aa-b35f-287db91df185,Redes de Computadores,,Redes de Computadores,DHCP e configuração de serviços de rede
d3502a6e-696d-4269-9dfe-fba4a4b74124,3,35,0db571c5-dba4-475e-bd25-a1dd4da91317,Redes de Computadores,,Redes de Computadores,Roteamento e alta disponibilidade
d3502a6e-696d-4269-9dfe-fba4a4b74124,3,36,5e083a53-a936-4ec4-9d9b-99b72cc9f1a9,Redes de Computadores,,Redes de Computadores,Cabeamento estruturado e Ethernet
d3502a6e-696d-4269-9dfe-fba4a4b74124,3,37,d3be6b38-d884-4aa9-81a9-dbd97a55fec6,Redes de Computadores,,Redes de Computadores,"Endereçamento IPv4, IPv6 e sub-redes"
d3502a6e-696d-4269-9dfe-fba4a4b74124,3,38,acb2f077-58fe-48fd-beda-35a820cb7b20,Redes de Computadores,,Redes de Computadores,Roteamento e alta disponibilidade
d3502a6e-696d-4269-9dfe-fba4a4b74124,3,39,a16d78b7-115a-469c-911e-e54bd71445b2,Redes de Computadores,,Redes de Computadores,Qualidade de serviço (QoS)
d3f75cb5-4951-479c-ada2-acfa0d6651cd,1,23,aa5e3f4d-b9c1-4f17-9791-6671bc85ba82,Redes de Computadores,,Redes de Computadores,"Endereçamento IPv4, IPv6 e sub-redes"
d3f75cb5-4951-479c-ada2-acfa0d6651cd,1,24,c184c387-02c2-473a-b177-ccb9b6fe7c9f,Redes de Computadores,,Redes de Computadores,"Endereçamento IPv4, IPv6 e sub-redes"
d3f75cb5-4951-479c-ada2-acfa0d6651cd,1,25,ff28b3cf-d1da-420f-8bbe-efafde135cbe,Redes de Computadores,,Redes de Computadores,Cabeamento estruturado e Ethernet
d3f75cb5-4951-479c-ada2-acfa0d6651cd,1,26,b91844c2-9b00-4348-839f-91bc55fe61ed,Redes de Computadores,,Redes de Computadores,VPN e IPSec
d3f75cb5-4951-479c-ada2-acfa0d6651cd,1,28,4fe41864-c102-4707-9de6-e449099fda21,Redes de Computadores,,Redes de Computadores,Redes TCP/IP e protocolos
d3f75cb5-4951-479c-ada2-acfa0d6651cd,1,45,b1d8cddd-31e7-4772-986c-1def12310577,Redes de Computadores,,Redes de Computadores,Diagnóstico e monitoramento de redes
d3f75cb5-4951-479c-ada2-acfa0d6651cd,1,54,c6e0f7b7-27e4-451f-a3a1-4d7a719f1304,Redes de Computadores,,Redes de Computadores,Redes TCP/IP e protocolos
d3f75cb5-4951-479c-ada2-acfa0d6651cd,1,57,85c91b97-cf22-4921-b19a-e4610b2e6206,Redes de Computadores,,Redes de Computadores,DHCP e configuração de serviços de rede
d3f75cb5-4951-479c-ada2-acfa0d6651cd,1,59,8cf679c3-e871-45bb-96e6-013677fc0415,Redes de Computadores,,Redes de Computadores,Redes TCP/IP e protocolos
f831d9bf-3ea6-4c22-9cdf-1374e6d53904,1,30,46a4dee6-80c5-479f-9405-37969ca3917e,Redes de Computadores,,Redes de Computadores,DHCP e configuração de serviços de rede
f831d9bf-3ea6-4c22-9cdf-1374e6d53904,1,36,565d8782-a1dd-425f-9892-72cd2ed17eee,Redes de Computadores,,Redes de Computadores,Cabeamento estruturado e Ethernet
f831d9bf-3ea6-4c22-9cdf-1374e6d53904,1,37,3a1d613b-8cd8-4151-bee3-b0be86ffa19e,Redes de Computadores,,Redes de Computadores,"Endereçamento IPv4, IPv6 e sub-redes"
f831d9bf-3ea6-4c22-9cdf-1374e6d53904,1,38,50cb2398-398c-4173-80df-49ca759f3964,Redes de Computadores,,Redes de Computadores,"Endereçamento IPv4, IPv6 e sub-redes"
f831d9bf-3ea6-4c22-9cdf-1374e6d53904,1,39,58ff3914-83c3-4b08-953c-b255d6fe45bb,Redes de Computadores,,Redes de Computadores,"VLAN, VXLAN e comutação"
f831d9bf-3ea6-4c22-9cdf-1374e6d53904,1,50,26f24cbf-e39c-447e-8976-4fd3d19dd664,Redes de Computadores,,Redes de Computadores,Qualidade de serviço (QoS)
f831d9bf-3ea6-4c22-9cdf-1374e6d53904,1,55,3e975486-218b-45c2-8e0b-5c88acbc797b,Redes de Computadores,,Redes de Computadores,Diagnóstico e monitoramento de redes
33611af7-9fe4-426a-a055-8084a29e62be,1,23,33e803e1-687c-4fca-90c3-7258943a95b6,Regulação e Agências Reguladoras,,Regulação e Agências Reguladoras,Agências reguladoras: natureza e competências
33611af7-9fe4-426a-a055-8084a29e62be,1,24,6794777d-b74d-409d-b243-e75c649dc428,Regulação e Agências Reguladoras,,Regulação e Agências Reguladoras,Falhas de mercado e bens públicos
33611af7-9fe4-426a-a055-8084a29e62be,1,25,b29e07ed-98c9-48bd-bacb-5664ad561cef,Regulação e Agências Reguladoras,,Regulação e Agências Reguladoras,Assimetria de informação e teoria agente-principal
33611af7-9fe4-426a-a055-8084a29e62be,1,26,cef36812-e54d-47c4-a11c-66c71d1c67f8,Regulação e Agências Reguladoras,,Regulação e Agências Reguladoras,Teoria da captura regulatória
33611af7-9fe4-426a-a055-8084a29e62be,1,27,c68b4864-8c3f-42f6-ba61-f02e8107baeb,Regulação e Agências Reguladoras,,Regulação e Agências Reguladoras,Assimetria de informação e teoria agente-principal
33611af7-9fe4-426a-a055-8084a29e62be,1,28,80f1cbb7-9781-433d-b638-911f7adca676,Regulação e Agências Reguladoras,,Regulação e Agências Reguladoras,Falhas de mercado e bens públicos
33611af7-9fe4-426a-a055-8084a29e62be,1,29,ef2479d6-90ae-40be-b02d-be11c844b240,Regulação e Agências Reguladoras,,Regulação e Agências Reguladoras,Concessões de serviço público
33611af7-9fe4-426a-a055-8084a29e62be,1,30,550f8490-a345-4758-b3d9-8b38d2399b6e,Regulação e Agências Reguladoras,,Regulação e Agências Reguladoras,Concessões de serviço público
33611af7-9fe4-426a-a055-8084a29e62be,1,31,d70149c0-3f69-412d-9c42-f7641d32f57d,Regulação e Agências Reguladoras,,Regulação e Agências Reguladoras,Concessões de serviço público
33611af7-9fe4-426a-a055-8084a29e62be,1,32,f8cf822e-3fc9-4d2e-a2d1-dae5779060ca,Regulação e Agências Reguladoras,,Noções de Informática,Planilhas eletrônicas
33611af7-9fe4-426a-a055-8084a29e62be,1,33,73325ded-2c5a-4958-b755-a694b550f5a6,Regulação e Agências Reguladoras,,Noções de Informática,Planilhas eletrônicas
33611af7-9fe4-426a-a055-8084a29e62be,1,34,36f23c21-c87a-4d06-91d4-c0b79df8d512,Regulação e Agências Reguladoras,,Noções de Informática,Planilhas eletrônicas
33611af7-9fe4-426a-a055-8084a29e62be,1,35,75806549-2b1e-444b-9650-96266355f83d,Regulação e Agências Reguladoras,,Noções de Informática,Planilhas eletrônicas
d3f75cb5-4951-479c-ada2-acfa0d6651cd,1,21,2ddf6883-4a05-44ea-abdc-782c601d134f,Seguran&ccedil;a da Informa&ccedil&atilde;o,,Segurança da Informação,Criptografia e certificação digital
d3f75cb5-4951-479c-ada2-acfa0d6651cd,1,22,e41fa76a-2e14-4a81-8ad9-b6978b877df3,Seguran&ccedil;a da Informa&ccedil&atilde;o,,Segurança da Informação,"Firewalls, IDS/IPS e testes de invasão"
d3f75cb5-4951-479c-ada2-acfa0d6651cd,1,30,d2a6db77-9c86-443a-b7c8-4371992e95b3,Seguran&ccedil;a da Informa&ccedil&atilde;o,,Segurança da Informação,OAuth 2.0 e OpenID Connect
d3f75cb5-4951-479c-ada2-acfa0d6651cd,1,37,7985551a-789f-4e7d-a64c-fadfec2bda35,Seguran&ccedil;a da Informa&ccedil&atilde;o,,Segurança da Informação,Criptografia e certificação digital
d3f75cb5-4951-479c-ada2-acfa0d6651cd,1,47,6d639688-a35e-4b71-9086-15ae37be0618,Seguran&ccedil;a da Informa&ccedil&atilde;o,,Segurança da Informação,"Firewalls, IDS/IPS e testes de invasão"
d3f75cb5-4951-479c-ada2-acfa0d6651cd,1,48,5891a7d1-cbc3-4ede-a86e-a9fd806821b6,Seguran&ccedil;a da Informa&ccedil&atilde;o,,Segurança da Informação,"Firewalls, IDS/IPS e testes de invasão"
d3f75cb5-4951-479c-ada2-acfa0d6651cd,1,60,dc2a810d-c9ee-4d80-8cd3-18d594cf9f80,Seguran&ccedil;a da Informa&ccedil&atilde;o,,Governança de TI,Normativos do CNJ sobre TI
33611af7-9fe4-426a-a055-8084a29e62be,1,44,0a61e271-c1ba-4e0b-89fe-ee93ccb47659,Segurança da Informação,,Segurança da Informação,Backup e continuidade de negócios
33611af7-9fe4-426a-a055-8084a29e62be,1,46,c9d5bd94-5e95-437d-a776-670fb200ce06,Segurança da Informação,,Segurança da Informação,Controle de acesso e IAM
33611af7-9fe4-426a-a055-8084a29e62be,1,50,e8262768-783d-4d50-b318-62fcd56de7bd,Segurança da Informação,,Segurança da Informação,"Firewalls, IDS/IPS e testes de invasão"
33611af7-9fe4-426a-a055-8084a29e62be,1,66,b30b989f-c8e2-4c3e-bec0-1343e9f1c0c4,Segurança da Informação,,Segurança da Informação,OAuth 2.0 e OpenID Connect
33611af7-9fe4-426a-a055-8084a29e62be,1,67,9f4442c4-f326-47c9-9528-661523758501,Segurança da Informação,,Segurança da Informação,Controle de acesso e IAM
33611af7-9fe4-426a-a055-8084a29e62be,1,68,85cd57c0-49d0-4d29-9d90-6cd62bcf3fce,Segurança da Informação,,Segurança da Informação,OAuth 2.0 e OpenID Connect
33611af7-9fe4-426a-a055-8084a29e62be,1,69,5610af85-a2e1-43c3-8261-0e677605a60a,Segurança da Informação,,Segurança da Informação,"Gestão de riscos, vulnerabilidades e incidentes"
72292071-41ba-4de4-900a-a5aa4222f1f3,1,29,e815fd6f-681a-4651-a847-fe86ffe7c641,Segurança da Informação,,Segurança da Informação,Segurança em aplicações e DevSecOps
72292071-41ba-4de4-900a-a5aa4222f1f3,1,44,9f29e4ff-8943-4582-ba61-116bd9e1f4c3,Segurança da Informação,,Segurança da Informação,"Firewalls, IDS/IPS e testes de invasão"
72292071-41ba-4de4-900a-a5aa4222f1f3,1,47,1558025c-b962-41ae-b591-6ee21f643b59,Segurança da Informação,,Legislação Aplicada à TI,LGPD
72292071-41ba-4de4-900a-a5aa4222f1f3,1,48,0b4dc8cf-124d-46ea-9585-ab57059794aa,Segurança da Informação,,Segurança da Informação,Criptografia e certificação digital
72292071-41ba-4de4-900a-a5aa4222f1f3,1,49,43d6309a-6dd2-4566-b87a-289b60282574,Segurança da Informação,,Segurança da Informação,"Malware, phishing e engenharia social"
72292071-41ba-4de4-900a-a5aa4222f1f3,1,50,042156eb-8722-4957-a083-9d7b54be87eb,Segurança da Informação,,Segurança da Informação,Controle de acesso e IAM
77b7e732-852e-4cf7-8f51-09d6df78c4bd,1,32,2d68b2a3-8444-4db0-9022-45be88ab3582,Segurança da Informação,,Legislação Aplicada à TI,LGPD
77b7e732-852e-4cf7-8f51-09d6df78c4bd,1,33,64fecd7d-9956-478b-b048-4b905c325080,Segurança da Informação,,Segurança da Informação,Controle de acesso e IAM
77b7e732-852e-4cf7-8f51-09d6df78c4bd,1,41,2ba3829d-7dcc-4b13-9133-d33b24ba3e14,Segurança da Informação,,Segurança da Informação,Controle de acesso e IAM
77b7e732-852e-4cf7-8f51-09d6df78c4bd,1,42,39ccf0e5-9946-4bc1-9ece-8d292dc57a41,Segurança da Informação,,Segurança da Informação,Criptografia e certificação digital
77b7e732-852e-4cf7-8f51-09d6df78c4bd,1,44,8e63dd36-2686-4190-b6ca-f059a07d4032,Segurança da Informação,,Segurança da Informação,Controle de acesso e IAM
8df3786f-6f6a-4b1f-8aff-fb0565e8d755,1,30,ad933be4-de9e-4de1-8894-129e02b56c80,Segurança da Informação,,Segurança da Informação,Segurança em aplicações e DevSecOps
8df3786f-6f6a-4b1f-8aff-fb0565e8d755,1,31,b450f28c-5859-4964-ba34-b4881ef02baa,Segurança da Informação,,Segurança da Informação,Segurança em aplicações e DevSecOps
8df3786f-6f6a-4b1f-8aff-fb0565e8d755,1,47,92d4f02d-c32c-4a3e-a5a9-d52befca9a5a,Segurança da Informação,,Segurança da Informação,"Gestão de riscos, vulnerabilidades e incidentes"
8df3786f-6f6a-4b1f-8aff-fb0565e8d755,1,51,ed9fdb42-d880-4a5a-977b-f4c78b2b1bab,Segurança da Informação,,Segurança da Informação,"Malware, phishing e engenharia social"
8df3786f-6f6a-4b1f-8aff-fb0565e8d755,1,52,9f87a6dd-dfe8-42ff-9654-a80872e4ccc0,Segurança da Informação,,Segurança da Informação,Segurança em aplicações e DevSecOps
8df3786f-6f6a-4b1f-8aff-fb0565e8d755,1,53,491f0708-8103-4d35-a1d1-a1267db914d3,Segurança da Informação,,Segurança da Informação,VPN e IPSec
8dfb3965-ffff-4826-9f95-5231421d957a,1,35,2dd35355-b566-4a39-857c-967c7f6520ed,Segurança da Informação,,Segurança da Informação,Criptografia e certificação digital
8dfb3965-ffff-4826-9f95-5231421d957a,1,36,5b430088-3d34-4cba-af7a-44afc948ec74,Segurança da Informação,,Segurança da Informação,Segurança em aplicações e DevSecOps
8dfb3965-ffff-4826-9f95-5231421d957a,1,41,4d56f8d7-008f-456e-b3b1-34821e5986fd,Segurança da Informação,,Segurança da Informação,Segurança em aplicações e DevSecOps
8dfb3965-ffff-4826-9f95-5231421d957a,1,42,24f3e969-2b08-4229-822e-6c761199b911,Segurança da Informação,,Segurança da Informação,Segurança em aplicações e DevSecOps
9f665c06-bb3f-4834-93e7-154468be1ff0,1,41,601c0665-0573-4dbc-b3a7-a7c87e548113,Segurança da Informação,,Segurança da Informação,Normas ISO/IEC 27000
9f665c06-bb3f-4834-93e7-154468be1ff0,1,42,37bb5d9a-e071-4c87-840a-f8717ee05e9b,Segurança da Informação,,Segurança da Informação,CIS Controls e hardening
9f665c06-bb3f-4834-93e7-154468be1ff0,1,43,8df50e16-d485-4866-85dd-718ed1c64718,Segurança da Informação,,Segurança da Informação,Normas ISO/IEC 27000
9f665c06-bb3f-4834-93e7-154468be1ff0,1,44,063c3ae8-2c65-48e6-aefe-89e2d27d422b,Segurança da Informação,,Segurança da Informação,Normas ISO/IEC 27000
9f665c06-bb3f-4834-93e7-154468be1ff0,1,45,7da14215-b94f-4298-b374-6aa950921f53,Segurança da Informação,,Legislação Aplicada à TI,LGPD
9f665c06-bb3f-4834-93e7-154468be1ff0,1,46,60a5362d-dfa8-4614-8353-1c252a3d4ce0,Segurança da Informação,,Segurança da Informação,Criptografia e certificação digital
9f665c06-bb3f-4834-93e7-154468be1ff0,1,48,e596233c-31b5-4318-9ade-00c3bac98d20,Segurança da Informação,,Legislação Aplicada à TI,LGPD
9f665c06-bb3f-4834-93e7-154468be1ff0,1,49,98b9fde0-75d6-4fb6-ace9-554f846d9ce3,Segurança da Informação,,Segurança da Informação,Criptografia e certificação digital
9f665c06-bb3f-4834-93e7-154468be1ff0,1,50,552bba5e-e91a-4973-bfea-4b81dabb54fc,Segurança da Informação,,Segurança da Informação,Criptografia e certificação digital
9f665c06-bb3f-4834-93e7-154468be1ff0,1,52,fbe7e91d-907b-4748-92f8-16b7b079f5b5,Segurança da Informação,,Segurança da Informação,Criptografia e certificação digital
9f665c06-bb3f-4834-93e7-154468be1ff0,1,53,10ca3003-7655-407e-8763-e6f3e946831f,Segurança da Informação,,Segurança da Informação,Segurança em aplicações e DevSecOps
9f665c06-bb3f-4834-93e7-154468be1ff0,1,54,f62d4580-cbe4-48bb-85e7-6efe97d5a289,Segurança da Informação,,Segurança da Informação,Segurança em aplicações e DevSecOps
9f665c06-bb3f-4834-93e7-154468be1ff0,1,55,e5d5541e-39e7-46f3-9630-951dddad7b09,Segurança da Informação,,Segurança da Informação,"Malware, phishing e engenharia social"
9f665c06-bb3f-4834-93e7-154468be1ff0,1,56,c3df117f-f864-4534-a755-fbf174c23260,Segurança da Informação,,Segurança da Informação,"Malware, phishing e engenharia social"
9f665c06-bb3f-4834-93e7-154468be1ff0,1,57,1344ef15-0412-4766-ae0a-e3e2e12d335d,Segurança da Informação,,Segurança da Informação,Gestão e classificação de ativos de informação
9f665c06-bb3f-4834-93e7-154468be1ff0,1,58,8d24676b-a0b2-4641-b07d-35fa1b374e60,Segurança da Informação,,Segurança da Informação,"Gestão de riscos, vulnerabilidades e incidentes"
9f665c06-bb3f-4834-93e7-154468be1ff0,1,62,90755d26-92c9-40ef-b2e7-c1bb6d94bc4c,Segurança da Informação,,Segurança da Informação,Controle de acesso e IAM
9f665c06-bb3f-4834-93e7-154468be1ff0,1,67,06d759ac-3f0f-4b4b-a2d5-b9c8d1a8b122,Segurança da Informação,,Segurança da Informação,"Firewalls, IDS/IPS e testes de invasão"
9f665c06-bb3f-4834-93e7-154468be1ff0,1,68,6a8b898f-d58f-466f-9378-02d4bb654f68,Segurança da Informação,,Segurança da Informação,Criptografia e certificação digital
9f665c06-bb3f-4834-93e7-154468be1ff0,1,73,b142ada5-6bd3-49eb-a9c7-829deca2df47,Segurança da Informação,,Segurança da Informação,Controle de acesso e IAM
9f665c06-bb3f-4834-93e7-154468be1ff0,1,74,1f5b7073-5ab0-4cb0-b1dc-bfdc1e094d47,Segurança da Informação,,Segurança da Informação,Criptografia e certificação digital
9f665c06-bb3f-4834-93e7-154468be1ff0,1,75,17a210e3-645b-4c2b-a0a4-18dfdbf54511,Segurança da Informação,,Segurança da Informação,"Gestão de riscos, vulnerabilidades e incidentes"
9f665c06-bb3f-4834-93e7-154468be1ff0,1,76,568fd495-95ac-4c07-b529-e821cc3557be,Segurança da Informação,,Segurança da Informação,"Firewalls, IDS/IPS e testes de invasão"
9f665c06-bb3f-4834-93e7-154468be1ff0,1,77,e20f5e4e-6406-4f3f-8871-2440cf3f9f64,Segurança da Informação,,Segurança da Informação,Proteção de endpoints (EDR e XDR)
9f665c06-bb3f-4834-93e7-154468be1ff0,1,78,fee71705-5a12-4927-92ec-d1ee224fcc33,Segurança da Informação,,Segurança da Informação,Forense computacional e evidências digitais
9f665c06-bb3f-4834-93e7-154468be1ff0,1,79,87b4cf2e-3f04-4218-8387-398d82962115,Segurança da Informação,,Segurança da Informação,Acordos de confidencialidade
ae5a89fb-0703-44aa-9502-bfecdd3f0f41,2,27,b70bdef7-20ec-4abb-ba6a-60539581edb7,Segurança da Informação,,Segurança da Informação,Normas ISO/IEC 27000
ae5a89fb-0703-44aa-9502-bfecdd3f0f41,2,28,9f79c890-f9b0-44d5-81d3-436df0a69f44,Segurança da Informação,,Segurança da Informação,Normas ISO/IEC 27000
ae5a89fb-0703-44aa-9502-bfecdd3f0f41,2,31,d1df655b-c7c0-4d27-960c-b8bbb23b8cb8,Segurança da Informação,,Segurança da Informação,JWT
ae5a89fb-0703-44aa-9502-bfecdd3f0f41,2,42,c6095cec-b35f-4f82-ae0c-339325916cd8,Segurança da Informação,,Segurança da Informação,Ataques de negação de serviço (DoS e DDoS)
ae5a89fb-0703-44aa-9502-bfecdd3f0f41,2,43,1e9794b8-f3bd-4dad-a691-aad7d28e035e,Segurança da Informação,,Segurança da Informação,Controle de acesso e IAM
ae5a89fb-0703-44aa-9502-bfecdd3f0f41,2,44,5378f9fe-7a8b-4030-a8d2-c0aafd09cea6,Segurança da Informação,,Segurança da Informação,Forense computacional e evidências digitais
ae5a89fb-0703-44aa-9502-bfecdd3f0f41,2,45,2a3a2277-553b-4676-b7c3-8af5822406f3,Segurança da Informação,,Segurança da Informação,"Malware, phishing e engenharia social"
ae5a89fb-0703-44aa-9502-bfecdd3f0f41,2,47,50ebe43b-2edd-49dd-bff5-b6cdf1a9afe7,Segurança da Informação,,Segurança da Informação,"Firewalls, IDS/IPS e testes de invasão"
ae5a89fb-0703-44aa-9502-bfecdd3f0f41,2,49,217c480e-6b31-4a07-91ab-99240acaedf1,Segurança da Informação,,Segurança da Informação,OAuth 2.0 e OpenID Connect
b367655f-b76f-4568-b537-9aebd09723b3,1,32,550fe0b8-5ae5-4388-a51f-d1ec4a2b4928,Segurança da Informação,,Segurança da Informação,Criptografia e certificação digital
b367655f-b76f-4568-b537-9aebd09723b3,1,33,fa4f8b13-6dc5-47d8-8953-15aa7df8d54b,Segurança da Informação,,Segurança da Informação,Backup e continuidade de negócios
c2ea228f-385b-4bb1-a1ea-4f7f31b18063,1,27,1daa7bd1-c248-476c-988d-8af1ec9cf90e,Segurança da Informação,,Noções de Informática,Navegadores e internet
c2ea228f-385b-4bb1-a1ea-4f7f31b18063,1,37,38cccb15-50aa-432f-a755-694a9e8708c1,Segurança da Informação,,Segurança da Informação,Normas ISO/IEC 27000
c2ea228f-385b-4bb1-a1ea-4f7f31b18063,1,39,9db196f2-fc8c-4900-96ab-8f4a06d5a343,Segurança da Informação,,Segurança da Informação,"Firewalls, IDS/IPS e testes de invasão"
c2ea228f-385b-4bb1-a1ea-4f7f31b18063,1,40,e7473fe1-91be-409a-9cab-ab3e0632cd02,Segurança da Informação,,Segurança da Informação,Criptografia e certificação digital
c2ea228f-385b-4bb1-a1ea-4f7f31b18063,1,55,f499d728-f637-45e0-a649-da47178eadb4,Segurança da Informação,,Segurança da Informação,OAuth 2.0 e OpenID Connect
c2ea228f-385b-4bb1-a1ea-4f7f31b18063,1,60,53486f30-a98b-4e21-b8c2-3cec36b22e0d,Segurança da Informação,,Governança de TI,Normativos do CNJ sobre TI
cfb1ca6d-740c-48dc-a373-b8119e3eaada,1,31,4d4e1cf1-41ff-453c-b2fe-44242f097436,Segurança da Informação,,Segurança da Informação,Criptografia e certificação digital
cfb1ca6d-740c-48dc-a373-b8119e3eaada,1,51,284da44c-7da2-4475-8310-b2a6e5f7d093,Segurança da Informação,,Segurança da Informação,Princípios da segurança da informação
cfb1ca6d-740c-48dc-a373-b8119e3eaada,1,52,90590b26-4063-454b-b3ec-2da28362fa9c,Segurança da Informação,,Segurança da Informação,Normas ISO/IEC 27000
cfb1ca6d-740c-48dc-a373-b8119e3eaada,1,54,f2995eb8-f680-4109-a91f-1504534dcb65,Segurança da Informação,,Segurança da Informação,Controle de acesso e IAM
cfb1ca6d-740c-48dc-a373-b8119e3eaada,1,55,a5905085-7990-48b4-b73d-65f109ff2ea3,Segurança da Informação,,Segurança da Informação,"Firewalls, IDS/IPS e testes de invasão"
cfb1ca6d-740c-48dc-a373-b8119e3eaada,1,57,4897e796-c8a8-4fab-b385-a956c34f4cb3,Segurança da Informação,,Segurança da Informação,"Firewalls, IDS/IPS e testes de invasão"
d3502a6e-696d-4269-9dfe-fba4a4b74124,3,26,8088f68b-19cf-4e2d-b2cc-f0f73d282bfc,Segurança da Informação,,Segurança da Informação,Segurança em aplicações e DevSecOps
d3502a6e-696d-4269-9dfe-fba4a4b74124,3,27,ba9b7ba1-f875-4261-b2ea-b5d99b459b79,Segurança da Informação,,Segurança da Informação,Normas ISO/IEC 27000
d3502a6e-696d-4269-9dfe-fba4a4b74124,3,28,0b39e176-bc37-4535-bce1-1925cb91b8c1,Segurança da Informação,,Segurança da Informação,Normas ISO/IEC 27000
d3502a6e-696d-4269-9dfe-fba4a4b74124,3,42,0684a019-e376-4805-92d9-238ca89f4b94,Segurança da Informação,,Segurança da Informação,CIS Controls e hardening
d3502a6e-696d-4269-9dfe-fba4a4b74124,3,43,8f9cf17a-8fb9-41db-af26-8537793e7914,Segurança da Informação,,Segurança da Informação,"Malware, phishing e engenharia social"
d3502a6e-696d-4269-9dfe-fba4a4b74124,3,44,51256766-62bb-436f-9d03-9b40a743c1c0,Segurança da Informação,,Segurança da Informação,"Firewalls, IDS/IPS e testes de invasão"
d3502a6e-696d-4269-9dfe-fba4a4b74124,3,45,8331a3aa-199f-46d8-814a-62f7acfaa532,Segurança da Informação,,Segurança da Informação,Segurança de redes sem fio
f831d9bf-3ea6-4c22-9cdf-1374e6d53904,1,34,e7a9b0bc-042a-4ad7-8a59-a07c55bd76b1,Segurança da Informação,,Segurança da Informação,Normas ISO/IEC 27000
f831d9bf-3ea6-4c22-9cdf-1374e6d53904,1,35,db4c8dde-6f2b-496f-89e5-07c1841d4e61,Segurança da Informação,,Segurança da Informação,Controle de acesso e IAM
f831d9bf-3ea6-4c22-9cdf-1374e6d53904,1,42,5c1f8810-c5a6-49d9-a8b6-da441a652435,Segurança da Informação,,Segurança da Informação,"Firewalls, IDS/IPS e testes de invasão"
f831d9bf-3ea6-4c22-9cdf-1374e6d53904,1,43,70f44ed4-13d5-45e3-84ee-636a531f06b5,Segurança da Informação,,Segurança da Informação,Criptografia e certificação digital
33611af7-9fe4-426a-a055-8084a29e62be,1,39,92e3516c-1ce2-4194-ab76-32ede7435ea4,Sistemas Operacionais,,Sistemas Operacionais,Active Directory e LDAP
33611af7-9fe4-426a-a055-8084a29e62be,1,40,7090cfe3-3813-4397-875a-bdc1d3e17c81,Sistemas Operacionais,,Sistemas Operacionais,Shell e PowerShell
33611af7-9fe4-426a-a055-8084a29e62be,1,48,65adcfe7-ca02-485c-8b61-6b6ed875d9af,Sistemas Operacionais,,Sistemas Operacionais,Shell e PowerShell
33611af7-9fe4-426a-a055-8084a29e62be,1,52,381bca17-5f51-4e11-ba24-1462bf8d5932,Sistemas Operacionais,,Sistemas Operacionais,Shell e PowerShell
72292071-41ba-4de4-900a-a5aa4222f1f3,1,58,3c00320a-06e4-4938-a346-806be3dbbc94,Sistemas Operacionais,,DevOps e Engenharia de Entrega,Infraestrutura como código
77b7e732-852e-4cf7-8f51-09d6df78c4bd,1,36,7f013243-2c51-4895-b1c2-01b90d213423,Sistemas Operacionais,,Sistemas Operacionais,Sistemas operacionais Windows e Linux
77b7e732-852e-4cf7-8f51-09d6df78c4bd,1,38,a3e46481-0a4a-4562-9063-fcb47e1c1b22,Sistemas Operacionais,,Sistemas Operacionais,Active Directory e LDAP
77b7e732-852e-4cf7-8f51-09d6df78c4bd,1,40,2e9cbff9-6c22-4c69-b365-810fd28110b0,Sistemas Operacionais,,Sistemas Operacionais,Servidores web e de aplicação
77b7e732-852e-4cf7-8f51-09d6df78c4bd,1,43,30f18c3e-6246-4ab7-90c3-373ea81ebd02,Sistemas Operacionais,,Noções de Informática,Editor de textos
77b7e732-852e-4cf7-8f51-09d6df78c4bd,1,50,88e8eb61-a257-4a19-82b3-f03289ae162b,Sistemas Operacionais,,Sistemas Operacionais,Active Directory e LDAP
77b7e732-852e-4cf7-8f51-09d6df78c4bd,1,51,0d61c48b-1fc9-48a7-821c-3f28ffa18f91,Sistemas Operacionais,,Sistemas Operacionais,Shell e PowerShell
77b7e732-852e-4cf7-8f51-09d6df78c4bd,1,52,7c7706bf-116a-48de-ba85-ec9a25533543,Sistemas Operacionais,,Sistemas Operacionais,Active Directory e LDAP
9f665c06-bb3f-4834-93e7-154468be1ff0,1,71,46d0c7d5-5b93-4720-9a3f-d6504fec37a1,Sistemas Operacionais,,Sistemas Operacionais,Active Directory e LDAP
9f665c06-bb3f-4834-93e7-154468be1ff0,1,72,0283f7bf-a2f2-4f8c-8264-0c98fa42d25c,Sistemas Operacionais,,Segurança da Informação,CIS Controls e hardening
b367655f-b76f-4568-b537-9aebd09723b3,1,64,32b53239-9f46-47f6-aaeb-7344a093cdec,Sistemas Operacionais,,Sistemas Operacionais,Shell e PowerShell
b367655f-b76f-4568-b537-9aebd09723b3,1,66,dae43f2b-9739-4205-a3b2-0fdd22cf5195,Sistemas Operacionais,,Sistemas Operacionais,Shell e PowerShell
b367655f-b76f-4568-b537-9aebd09723b3,1,67,7bfe4268-1d0b-46e6-a2d6-455f4e6993ae,Sistemas Operacionais,,Sistemas Operacionais,Shell e PowerShell
b367655f-b76f-4568-b537-9aebd09723b3,1,69,e1c88e0a-e129-4b48-b335-4b6b0ab1299f,Sistemas Operacionais,,Sistemas Operacionais,Shell e PowerShell
c2ea228f-385b-4bb1-a1ea-4f7f31b18063,1,21,ffd2f9d6-7856-4408-b272-5c2c9fbb700c,Sistemas Operacionais,,Hardware,Arquitetura e componentes de computadores
c2ea228f-385b-4bb1-a1ea-4f7f31b18063,1,22,688bb9e4-67fc-4b94-b016-1767599ca6dd,Sistemas Operacionais,,Hardware,Arquitetura e componentes de computadores
c2ea228f-385b-4bb1-a1ea-4f7f31b18063,1,23,d1994ff0-2d99-41cc-a62d-a22f5da0b9c7,Sistemas Operacionais,,Sistemas Operacionais,Sistemas operacionais Windows e Linux
c2ea228f-385b-4bb1-a1ea-4f7f31b18063,1,24,a509e633-f480-4f38-861f-4dafc0f39ac1,Sistemas Operacionais,,Sistemas Operacionais,Active Directory e LDAP
c2ea228f-385b-4bb1-a1ea-4f7f31b18063,1,25,5c1897ec-4ae6-463e-962b-d98ceb52e3bb,Sistemas Operacionais,,Sistemas Operacionais,Active Directory e LDAP
c2ea228f-385b-4bb1-a1ea-4f7f31b18063,1,26,29a17ecd-c3c3-4809-ac5f-47b0c9078a1f,Sistemas Operacionais,,Sistemas Operacionais,Sistemas operacionais Windows e Linux
c2ea228f-385b-4bb1-a1ea-4f7f31b18063,1,28,65359ac4-4061-498e-98d3-4c3418b43d82,Sistemas Operacionais,,Noções de Informática,Planilhas eletrônicas
c2ea228f-385b-4bb1-a1ea-4f7f31b18063,1,29,61f5c051-57aa-4076-bbaf-7cfb18666c9b,Sistemas Operacionais,,Noções de Informática,Correio eletrônico e ferramentas de colaboração
cfb1ca6d-740c-48dc-a373-b8119e3eaada,1,62,d783d1fd-5b5c-487e-948a-9b0c35c11852,Sistemas Operacionais,,Sistemas Operacionais,Armazenamento e SAN
cfb1ca6d-740c-48dc-a373-b8119e3eaada,1,63,cf2aab10-19a1-4c25-99b6-a8da775cf0f8,Sistemas Operacionais,,DevOps e Engenharia de Entrega,Observabilidade e monitoramento
cfb1ca6d-740c-48dc-a373-b8119e3eaada,1,65,250abe1e-7905-49a2-b7d0-131aa72449c6,Sistemas Operacionais,,Sistemas Operacionais,Active Directory e LDAP
cfb1ca6d-740c-48dc-a373-b8119e3eaada,1,66,5beba9b1-0eed-46bf-b271-b01292de3618,Sistemas Operacionais,,Sistemas Operacionais,Shell e PowerShell
cfb1ca6d-740c-48dc-a373-b8119e3eaada,1,69,2284c34f-8db8-46b2-b6cb-09eeb1683391,Sistemas Operacionais,,DevOps e Engenharia de Entrega,Docker e Kubernetes
cfb1ca6d-740c-48dc-a373-b8119e3eaada,1,70,17b1d380-f481-4027-9fdd-fbb8a0335856,Sistemas Operacionais,,Sistemas Operacionais,Virtualização e alta disponibilidade
d3f75cb5-4951-479c-ada2-acfa0d6651cd,1,36,5f3a80c5-3e8d-4bc4-9236-575530bf20c8,Sistemas Operacionais,,Sistemas Operacionais,"Processos, threads e escalonamento"
d3f75cb5-4951-479c-ada2-acfa0d6651cd,1,50,25f9a01a-d3cf-49e3-b7ca-bebc23beebb6,Sistemas Operacionais,,Sistemas Operacionais,Shell e PowerShell
d3f75cb5-4951-479c-ada2-acfa0d6651cd,1,56,cb7ae54e-f410-4aeb-9112-7b6d2e87bace,Sistemas Operacionais,,Sistemas Operacionais,"Processos, threads e escalonamento"
f831d9bf-3ea6-4c22-9cdf-1374e6d53904,1,26,03129355-3bc7-4de9-9aa8-43a7b1d6ee65,Sistemas Operacionais,,Sistemas Operacionais,Shell e PowerShell
f831d9bf-3ea6-4c22-9cdf-1374e6d53904,1,27,80a50d86-fe42-42c6-a334-ac3e67799160,Sistemas Operacionais,,Sistemas Operacionais,Shell e PowerShell
f831d9bf-3ea6-4c22-9cdf-1374e6d53904,1,29,5433c27a-5c74-4614-a19c-5456632a4ec6,Sistemas Operacionais,,Sistemas Operacionais,Gerenciamento de memória
f831d9bf-3ea6-4c22-9cdf-1374e6d53904,1,32,3ba10236-856a-4832-bb93-0d7b4c3831e5,Sistemas Operacionais,,Sistemas Operacionais,Sistemas operacionais Windows e Linux
f831d9bf-3ea6-4c22-9cdf-1374e6d53904,1,49,da556142-4be3-4247-a6ae-6f289e9666cf,Sistemas Operacionais,,Sistemas Operacionais,Sistemas operacionais Windows e Linux
10fb3a0f-b04a-49d2-afc1-c7c93dcdabdc,1,37,b168eae6-4ad2-4886-bb7f-5e007106a0d3,"Sistemas Operacionais, Redes e Nuvem",Armazenamento e SAN,Redes de Computadores,Armazenamento e SAN
10fb3a0f-b04a-49d2-afc1-c7c93dcdabdc,1,51,43347cf6-18bb-4626-9996-d838ee9142a5,"Sistemas Operacionais, Redes e Nuvem",Redes TCP/IP e protocolos,Redes de Computadores,Redes TCP/IP e protocolos
10fb3a0f-b04a-49d2-afc1-c7c93dcdabdc,1,52,a0f482c2-69a8-4009-9c22-d24d6c654d25,"Sistemas Operacionais, Redes e Nuvem",Redes TCP/IP e protocolos,Redes de Computadores,Redes TCP/IP e protocolos
10fb3a0f-b04a-49d2-afc1-c7c93dcdabdc,1,53,58c7d3d1-f92a-41df-89fe-2cb401859dd7,"Sistemas Operacionais, Redes e Nuvem",Sistemas operacionais Windows e Linux,Sistemas Operacionais,Sistemas operacionais Windows e Linux
10fb3a0f-b04a-49d2-afc1-c7c93dcdabdc,1,54,9af25ac3-9e4f-4e0e-8887-6c8ddbaa694f,"Sistemas Operacionais, Redes e Nuvem",Redes TCP/IP e protocolos,Redes de Computadores,Redes TCP/IP e protocolos
10fb3a0f-b04a-49d2-afc1-c7c93dcdabdc,1,55,f39baf45-4d9a-4783-aa60-7409af9160b9,"Sistemas Operacionais, Redes e Nuvem",Shell e PowerShell,Sistemas Operacionais,Shell e PowerShell
10fb3a0f-b04a-49d2-afc1-c7c93dcdabdc,1,56,81c01819-9729-47ba-8579-8fdfa6bbf3e3,"Sistemas Operacionais, Redes e Nuvem",Redes TCP/IP e protocolos,Redes de Computadores,Redes TCP/IP e protocolos
10fb3a0f-b04a-49d2-afc1-c7c93dcdabdc,1,60,f823467a-128c-44bc-a0ee-9f05fc185b48,"Sistemas Operacionais, Redes e Nuvem",Redes TCP/IP e protocolos,Redes de Computadores,Redes TCP/IP e protocolos
277208cb-f715-4172-8cc8-2a5193f0c198,1,41,9011c529-39ff-4d29-b959-bb24d7a9907f,"Sistemas Operacionais, Redes e Nuvem",Shell e PowerShell,Sistemas Operacionais,Shell e PowerShell
277208cb-f715-4172-8cc8-2a5193f0c198,1,43,30a7b30c-7f7f-473e-80fe-1555114a943a,"Sistemas Operacionais, Redes e Nuvem",Sistemas operacionais Windows e Linux,Sistemas Operacionais,Sistemas operacionais Windows e Linux
277208cb-f715-4172-8cc8-2a5193f0c198,1,48,ee4604ca-de1e-47df-85e2-b5f6086cfea1,"Sistemas Operacionais, Redes e Nuvem",Redes TCP/IP e protocolos,Redes de Computadores,Redes TCP/IP e protocolos
277208cb-f715-4172-8cc8-2a5193f0c198,1,51,b02afdad-3c4a-4309-b6ae-9eaf753ec94e,"Sistemas Operacionais, Redes e Nuvem",Redes TCP/IP e protocolos,Redes de Computadores,Redes TCP/IP e protocolos
277208cb-f715-4172-8cc8-2a5193f0c198,1,52,e2110dfa-c047-4e51-baab-2a176aff5aa4,"Sistemas Operacionais, Redes e Nuvem",Servidores web e de aplicação,Sistemas Operacionais,Servidores web e de aplicação
277208cb-f715-4172-8cc8-2a5193f0c198,1,53,c711effc-3ab3-4d36-865c-4764cf1f7b88,"Sistemas Operacionais, Redes e Nuvem",Redes TCP/IP e protocolos,Redes de Computadores,Redes TCP/IP e protocolos
277208cb-f715-4172-8cc8-2a5193f0c198,1,54,df2a322b-9b4a-421e-9a62-b87d8b32c0f3,"Sistemas Operacionais, Redes e Nuvem",Redes TCP/IP e protocolos,Redes de Computadores,Redes TCP/IP e protocolos
277208cb-f715-4172-8cc8-2a5193f0c198,1,56,28ffc702-54b5-466f-8ffc-44bde3fdc27d,"Sistemas Operacionais, Redes e Nuvem",Redes TCP/IP e protocolos,Redes de Computadores,Redes TCP/IP e protocolos
277208cb-f715-4172-8cc8-2a5193f0c198,1,57,13b2cb27-8d4a-4896-96f4-6eb7425fc72c,"Sistemas Operacionais, Redes e Nuvem",Redes TCP/IP e protocolos,Redes de Computadores,Redes TCP/IP e protocolos
277208cb-f715-4172-8cc8-2a5193f0c198,1,58,2a155419-a4aa-4aba-8832-ef385cb1098f,"Sistemas Operacionais, Redes e Nuvem",Redes TCP/IP e protocolos,Redes de Computadores,Redes TCP/IP e protocolos
8d15e1c3-a6c6-4d4a-a535-7dfb661d9e6b,1,35,0c41a584-5a9f-4445-9d38-c7484a4aa935,"Sistemas Operacionais, Redes e Nuvem",Redes TCP/IP e protocolos,Redes de Computadores,Redes TCP/IP e protocolos
8d15e1c3-a6c6-4d4a-a535-7dfb661d9e6b,1,40,cd2f4f97-c6d0-4302-a2d0-5adbaf063bd5,"Sistemas Operacionais, Redes e Nuvem",Redes TCP/IP e protocolos,Redes de Computadores,Redes TCP/IP e protocolos
8d15e1c3-a6c6-4d4a-a535-7dfb661d9e6b,1,42,415a8fbd-07e6-44ee-8ade-8bc2adfd549d,"Sistemas Operacionais, Redes e Nuvem",Redes TCP/IP e protocolos,Redes de Computadores,Redes TCP/IP e protocolos
8d15e1c3-a6c6-4d4a-a535-7dfb661d9e6b,1,43,c764f435-9b0c-4a8d-96db-441c882a4e6b,"Sistemas Operacionais, Redes e Nuvem",Redes TCP/IP e protocolos,Redes de Computadores,Redes TCP/IP e protocolos
8d15e1c3-a6c6-4d4a-a535-7dfb661d9e6b,1,44,1c7febc1-a22d-441f-b838-087e9d2beb6c,"Sistemas Operacionais, Redes e Nuvem",Redes TCP/IP e protocolos,Redes de Computadores,Redes TCP/IP e protocolos
8d15e1c3-a6c6-4d4a-a535-7dfb661d9e6b,1,50,4941898f-b17c-446f-8685-f0ce4e182ef2,"Sistemas Operacionais, Redes e Nuvem",Sistemas operacionais Windows e Linux,Sistemas Operacionais,Sistemas operacionais Windows e Linux
8d15e1c3-a6c6-4d4a-a535-7dfb661d9e6b,1,51,e6570c1f-38c0-4aca-946e-f93a826beeb3,"Sistemas Operacionais, Redes e Nuvem",Active Directory e LDAP,Sistemas Operacionais,Active Directory e LDAP
8d15e1c3-a6c6-4d4a-a535-7dfb661d9e6b,1,56,78fff5b7-3250-4d4c-b6c4-f06b5b9bc1fc,"Sistemas Operacionais, Redes e Nuvem",Computação em nuvem,Computação em Nuvem,Computação em nuvem
aa7f4407-9954-45ba-aebf-83a8b3e3cd07,1,40,f77bdfa0-562f-4f6b-9d0c-cbdd2fdd5832,"Sistemas Operacionais, Redes e Nuvem",Redes TCP/IP e protocolos,Redes de Computadores,Redes TCP/IP e protocolos
aa7f4407-9954-45ba-aebf-83a8b3e3cd07,1,42,0970f878-6e54-45c8-b2c0-393925722680,"Sistemas Operacionais, Redes e Nuvem",Redes TCP/IP e protocolos,Redes de Computadores,Redes TCP/IP e protocolos
aa7f4407-9954-45ba-aebf-83a8b3e3cd07,1,43,10bf4e25-86f2-4294-ac9e-b54e31d42156,"Sistemas Operacionais, Redes e Nuvem",Redes TCP/IP e protocolos,Redes de Computadores,Redes TCP/IP e protocolos
aa7f4407-9954-45ba-aebf-83a8b3e3cd07,1,44,32e5b382-afa8-4418-bf82-61779ffe663f,"Sistemas Operacionais, Redes e Nuvem",Redes TCP/IP e protocolos,Redes de Computadores,Redes TCP/IP e protocolos
aa7f4407-9954-45ba-aebf-83a8b3e3cd07,1,45,b6f111c1-c5dc-4db6-a416-fd784bff5683,"Sistemas Operacionais, Redes e Nuvem",Redes TCP/IP e protocolos,Redes de Computadores,Redes TCP/IP e protocolos
aa7f4407-9954-45ba-aebf-83a8b3e3cd07,1,46,b3342b44-c2d1-4b4a-a54d-4333ff79dca9,"Sistemas Operacionais, Redes e Nuvem",Redes TCP/IP e protocolos,Redes de Computadores,Redes TCP/IP e protocolos
aa7f4407-9954-45ba-aebf-83a8b3e3cd07,1,47,84bca60f-3b03-431d-ade4-a8fd06bd2bdf,"Sistemas Operacionais, Redes e Nuvem",Redes TCP/IP e protocolos,Redes de Computadores,Redes TCP/IP e protocolos
aa7f4407-9954-45ba-aebf-83a8b3e3cd07,1,48,f5de5cd2-0e40-4925-bb2a-73a975a29606,"Sistemas Operacionais, Redes e Nuvem",Computação em nuvem,Computação em Nuvem,Computação em nuvem
bb9685c1-fbe5-48f5-97fc-f719a9dceb88,1,31,2247ca01-06b7-493b-a063-0cb13bc55994,"Sistemas Operacionais, Redes e Nuvem",Redes TCP/IP e protocolos,Redes de Computadores,Redes TCP/IP e protocolos
bb9685c1-fbe5-48f5-97fc-f719a9dceb88,1,51,0496ef73-5a57-4f5b-a164-0d0b38d54aa9,"Sistemas Operacionais, Redes e Nuvem",Redes TCP/IP e protocolos,Redes de Computadores,Redes TCP/IP e protocolos
bb9685c1-fbe5-48f5-97fc-f719a9dceb88,1,52,8bed16a8-ad90-4cc4-97ef-2c984137fe52,"Sistemas Operacionais, Redes e Nuvem",Redes TCP/IP e protocolos,Redes de Computadores,Redes TCP/IP e protocolos
bb9685c1-fbe5-48f5-97fc-f719a9dceb88,1,53,a980b4ce-4710-45ac-94b3-7ec352a736be,"Sistemas Operacionais, Redes e Nuvem",Shell e PowerShell,Sistemas Operacionais,Shell e PowerShell
bb9685c1-fbe5-48f5-97fc-f719a9dceb88,1,54,33211e14-7cbf-4f72-99ce-14fc6f5ec4b0,"Sistemas Operacionais, Redes e Nuvem",Redes TCP/IP e protocolos,Redes de Computadores,Redes TCP/IP e protocolos
bb9685c1-fbe5-48f5-97fc-f719a9dceb88,1,55,cb425c8f-59e6-4e70-af51-7c16e30de9eb,"Sistemas Operacionais, Redes e Nuvem",Active Directory e LDAP,Sistemas Operacionais,Active Directory e LDAP
bb9685c1-fbe5-48f5-97fc-f719a9dceb88,1,56,a6272cec-8b96-4341-92da-fbd2f873089c,"Sistemas Operacionais, Redes e Nuvem",Redes TCP/IP e protocolos,Redes de Computadores,Redes TCP/IP e protocolos
bb9685c1-fbe5-48f5-97fc-f719a9dceb88,1,57,e61beddf-4b74-46a3-8cf3-a1226a9b1328,"Sistemas Operacionais, Redes e Nuvem",Redes TCP/IP e protocolos,Redes de Computadores,Redes TCP/IP e protocolos
bb9685c1-fbe5-48f5-97fc-f719a9dceb88,1,58,4af943a6-f959-4318-81c7-c7cec1389d7f,"Sistemas Operacionais, Redes e Nuvem",Redes TCP/IP e protocolos,Redes de Computadores,Redes TCP/IP e protocolos
c0f3bde6-2dab-4728-83e1-c8e2ae94a92f,1,34,0f3fcc54-a46d-4fbf-9661-17851c31c984,"Sistemas Operacionais, Redes e Nuvem",Redes TCP/IP e protocolos,Redes de Computadores,Redes TCP/IP e protocolos
c0f3bde6-2dab-4728-83e1-c8e2ae94a92f,1,35,f677f149-df1f-4b8c-8f9a-3ef9ad9ac71a,"Sistemas Operacionais, Redes e Nuvem",Computação em nuvem,Computação em Nuvem,Computação em nuvem
dde667dc-2498-4fd5-a9ea-50bbb85aeff4,1,46,bc51e28f-e5d7-4175-ac48-f8dd5f7def63,"Sistemas Operacionais, Redes e Nuvem",Redes TCP/IP e protocolos,Redes de Computadores,Redes TCP/IP e protocolos
dde667dc-2498-4fd5-a9ea-50bbb85aeff4,1,47,e644e4dd-b7bb-4065-8f09-5e5abf478d79,"Sistemas Operacionais, Redes e Nuvem",Redes TCP/IP e protocolos,Redes de Computadores,Redes TCP/IP e protocolos
dde667dc-2498-4fd5-a9ea-50bbb85aeff4,1,48,c8ed8395-1732-4ceb-ad76-4c8d7201bd43,"Sistemas Operacionais, Redes e Nuvem",Redes TCP/IP e protocolos,Redes de Computadores,Redes TCP/IP e protocolos
dde667dc-2498-4fd5-a9ea-50bbb85aeff4,1,49,403d04bb-9126-4bba-95fc-40d39c823444,"Sistemas Operacionais, Redes e Nuvem",Armazenamento e SAN,Redes de Computadores,Armazenamento e SAN
dde667dc-2498-4fd5-a9ea-50bbb85aeff4,1,50,5913a188-7820-458d-a15d-8d97d2fbf49e,"Sistemas Operacionais, Redes e Nuvem",Computação em nuvem,Computação em Nuvem,Computação em nuvem
dde667dc-2498-4fd5-a9ea-50bbb85aeff4,1,52,28faf3b7-eea6-4c28-a057-356028a08ccf,"Sistemas Operacionais, Redes e Nuvem",Redes TCP/IP e protocolos,Redes de Computadores,Redes TCP/IP e protocolos
dfdeb5d6-1028-4efd-be50-2f33ed03cca0,2,35,92e24746-1050-4ee8-ba9b-97e1397fe8ed,"Sistemas Operacionais, Redes e Nuvem",Redes TCP/IP e protocolos,Redes de Computadores,Redes TCP/IP e protocolos
dfdeb5d6-1028-4efd-be50-2f33ed03cca0,2,36,dd211fc4-85d3-4b74-ad53-a05e2b7e688d,"Sistemas Operacionais, Redes e Nuvem",Redes TCP/IP e protocolos,Redes de Computadores,Redes TCP/IP e protocolos
dfdeb5d6-1028-4efd-be50-2f33ed03cca0,2,38,764296a0-2678-4679-a8ec-9a2a9d94de74,"Sistemas Operacionais, Redes e Nuvem",Armazenamento e SAN,Redes de Computadores,Armazenamento e SAN
dfdeb5d6-1028-4efd-be50-2f33ed03cca0,2,40,01476ed5-e980-4ba1-8f31-cc6b60702779,"Sistemas Operacionais, Redes e Nuvem",Redes TCP/IP e protocolos,Redes de Computadores,Redes TCP/IP e protocolos
dfdeb5d6-1028-4efd-be50-2f33ed03cca0,2,41,17631995-447c-4304-8117-b0d0676c7ab2,"Sistemas Operacionais, Redes e Nuvem",Redes TCP/IP e protocolos,Redes de Computadores,Redes TCP/IP e protocolos
dfdeb5d6-1028-4efd-be50-2f33ed03cca0,2,42,97114759-021d-4b5e-a94f-96f6004d2554,"Sistemas Operacionais, Redes e Nuvem",Redes TCP/IP e protocolos,Redes de Computadores,Redes TCP/IP e protocolos
dfdeb5d6-1028-4efd-be50-2f33ed03cca0,2,43,ce3cf3e6-097a-4b8f-aa3c-1400bf54195f,"Sistemas Operacionais, Redes e Nuvem",Redes TCP/IP e protocolos,Redes de Computadores,Redes TCP/IP e protocolos
dfdeb5d6-1028-4efd-be50-2f33ed03cca0,2,44,43376e8b-031c-4706-b64f-98300f3698c2,"Sistemas Operacionais, Redes e Nuvem",Computação em nuvem,Computação em Nuvem,Computação em nuvem
dfdeb5d6-1028-4efd-be50-2f33ed03cca0,2,47,ddb7e4a1-950f-472d-9310-4b4356d07086,"Sistemas Operacionais, Redes e Nuvem",Computação em nuvem,Computação em Nuvem,Computação em nuvem
dfdeb5d6-1028-4efd-be50-2f33ed03cca0,2,49,688cda61-dca7-4e19-822f-520756f8aa08,"Sistemas Operacionais, Redes e Nuvem",Redes TCP/IP e protocolos,Redes de Computadores,Redes TCP/IP e protocolos
e18f2bf9-0f6e-436a-aa92-9c45f9e016d4,1,32,1817ab30-0ba0-4396-affc-ceb6caa9b99e,"Sistemas Operacionais, Redes e Nuvem",Sistemas operacionais Windows e Linux,Sistemas Operacionais,Sistemas operacionais Windows e Linux
e18f2bf9-0f6e-436a-aa92-9c45f9e016d4,1,34,56c8efef-660b-4234-98f2-eddf5ae8ef9e,"Sistemas Operacionais, Redes e Nuvem",Redes TCP/IP e protocolos,Redes de Computadores,Redes TCP/IP e protocolos
e18f2bf9-0f6e-436a-aa92-9c45f9e016d4,1,35,3e419ddb-8517-4b38-adfb-d5674e626a7b,"Sistemas Operacionais, Redes e Nuvem",Redes TCP/IP e protocolos,Redes de Computadores,Redes TCP/IP e protocolos
e18f2bf9-0f6e-436a-aa92-9c45f9e016d4,1,36,a367ac7d-5386-4660-8a2a-51fef2a4d988,"Sistemas Operacionais, Redes e Nuvem",Redes TCP/IP e protocolos,Redes de Computadores,Redes TCP/IP e protocolos
e18f2bf9-0f6e-436a-aa92-9c45f9e016d4,1,37,210ea736-8344-45c5-8adc-f2b34899852f,"Sistemas Operacionais, Redes e Nuvem",Redes TCP/IP e protocolos,Redes de Computadores,Redes TCP/IP e protocolos
e18f2bf9-0f6e-436a-aa92-9c45f9e016d4,1,39,e52488ab-5ee4-4826-a63c-1a8a78e45a7f,"Sistemas Operacionais, Redes e Nuvem",Redes TCP/IP e protocolos,Redes de Computadores,Redes TCP/IP e protocolos
e18f2bf9-0f6e-436a-aa92-9c45f9e016d4,1,40,691069ab-5dc1-4d84-b697-7bb20fae5891,"Sistemas Operacionais, Redes e Nuvem",Redes TCP/IP e protocolos,Redes de Computadores,Redes TCP/IP e protocolos
e18f2bf9-0f6e-436a-aa92-9c45f9e016d4,1,41,6e88e943-3635-4242-ba6c-8cd5bb15fbd5,"Sistemas Operacionais, Redes e Nuvem",Redes TCP/IP e protocolos,Redes de Computadores,Redes TCP/IP e protocolos
e18f2bf9-0f6e-436a-aa92-9c45f9e016d4,1,42,4094a7d1-a7dc-4492-907b-cd7ce5eb60fb,"Sistemas Operacionais, Redes e Nuvem",Virtualização e containers,Sistemas Operacionais,Virtualização e containers
e18f2bf9-0f6e-436a-aa92-9c45f9e016d4,1,43,a300840e-ae9b-4a8a-8e42-c40a7ace4a50,"Sistemas Operacionais, Redes e Nuvem",Redes TCP/IP e protocolos,Redes de Computadores,Redes TCP/IP e protocolos
e18f2bf9-0f6e-436a-aa92-9c45f9e016d4,1,44,c82fed52-caac-41b9-aab6-584b0d3979fe,"Sistemas Operacionais, Redes e Nuvem",Redes TCP/IP e protocolos,Redes de Computadores,Redes TCP/IP e protocolos
e18f2bf9-0f6e-436a-aa92-9c45f9e016d4,1,45,b0c9f426-5e88-4462-9d99-0f6e62a7edc0,"Sistemas Operacionais, Redes e Nuvem",Datacenter e alta disponibilidade,Redes de Computadores,Datacenter e alta disponibilidade
e18f2bf9-0f6e-436a-aa92-9c45f9e016d4,1,47,ecd27d8a-2718-400b-b6bb-c3aeabab4f48,"Sistemas Operacionais, Redes e Nuvem",Redes TCP/IP e protocolos,Redes de Computadores,Redes TCP/IP e protocolos
e18f2bf9-0f6e-436a-aa92-9c45f9e016d4,1,48,f823355c-a232-49d4-8dca-63db7d868c7a,"Sistemas Operacionais, Redes e Nuvem",Shell e PowerShell,Sistemas Operacionais,Shell e PowerShell
e18f2bf9-0f6e-436a-aa92-9c45f9e016d4,1,49,5a4bc3e3-bd5c-4770-8259-7de4e04258f5,"Sistemas Operacionais, Redes e Nuvem",Computação em nuvem,Computação em Nuvem,Computação em nuvem
e18f2bf9-0f6e-436a-aa92-9c45f9e016d4,1,50,ff866013-a028-475b-83e9-e931ccbc32bc,"Sistemas Operacionais, Redes e Nuvem",Computação em nuvem,Computação em Nuvem,Computação em nuvem
e18f2bf9-0f6e-436a-aa92-9c45f9e016d4,1,51,98575cbb-99fa-4c7d-80a6-5e5e1fae53a8,"Sistemas Operacionais, Redes e Nuvem",Shell e PowerShell,Sistemas Operacionais,Shell e PowerShell
e18f2bf9-0f6e-436a-aa92-9c45f9e016d4,1,52,bb294f1e-5a6a-4208-9409-f27c11b44286,"Sistemas Operacionais, Redes e Nuvem",Shell e PowerShell,Sistemas Operacionais,Shell e PowerShell
e18f2bf9-0f6e-436a-aa92-9c45f9e016d4,1,53,9b25cba5-3c56-47d0-a6cc-57f78f85c5b1,"Sistemas Operacionais, Redes e Nuvem",Redes TCP/IP e protocolos,Redes de Computadores,Redes TCP/IP e protocolos
e18f2bf9-0f6e-436a-aa92-9c45f9e016d4,1,56,f1d20b58-d29c-4c78-8a0b-8014a576bb1e,"Sistemas Operacionais, Redes e Nuvem",Active Directory e LDAP,Sistemas Operacionais,Active Directory e LDAP
e18f2bf9-0f6e-436a-aa92-9c45f9e016d4,1,58,bf090ede-b569-4d12-a3d9-b38db7beb1ee,"Sistemas Operacionais, Redes e Nuvem",Shell e PowerShell,Sistemas Operacionais,Shell e PowerShell
e18f2bf9-0f6e-436a-aa92-9c45f9e016d4,1,60,e734695b-868b-4a78-9d74-37c953274361,"Sistemas Operacionais, Redes e Nuvem",Shell e PowerShell,Sistemas Operacionais,Shell e PowerShell
